order_id,order_date,customer_id,city,channel,category,price,quantity,revenue
102354,12.05.2025,1194,Казань,email,Спорт,7089.86,2,14179.72
100227,11.02.2025,107,Казань,email,Электроника,24152.32,1,24152.32
101034,2025-03-25 14:55:04,520,Санкт-Петербург,social,Книги,2177.53,3,6532.59
100990,16.11.2024,499,Казань,organic,Книги,1975.53,1,1975.53
100167,05.04.2024,80,Санкт-Петербург,social,Книги,903.79,2,1807.58
100277,08.03.2024,137,Москва,ads,Книги,1695.45,3,5086.35
100337,05/24/2025,174,Новосибирск,organic,Красота,1043.68,1,1043.68
100756,12/04/2024,381,Санкт-Петербург,social,Спорт,10920.94,2,21841.88
100358,29.01.2025,185,Москва,ads,Спорт,5222.83,1,5222.83
101132,2025/03/20,570,Санкт-Петербург,referral,Книги,1551.16,5,7755.8
100259,2024-10-23 21:32:57,128,Санкт-Петербург,email,Одежда,2483.0,2,4966.0
101529,02/21/2025,787,Краснодар,ads,Красота,3479.68,2,6959.36
100755,2024/11/06,381,Москва,referral,Одежда,1267.83,2,2535.66
101471,12/26/2024,759,Санкт-Петербург,ads,Одежда,3289.19,4,13156.76
101878,2025/06/01,965,Казань,organic,Красота,2558.14,1,2558.14
101703,2024/11/06,881,Санкт-Петербург,email,Дом,6895.56,2,13791.12
101922,2024-04-19 12:49:37,985,Екатеринбург,referral,Красота,1979.47,1,1979.47
102255,11/07/2024,1144,Москва,social,Книги,1595.2,1,1595.2
100364,02/21/2024,189,Санкт-Петербург,organic,Дом,2306.69,5,11533.45
100365,03/31/2024,189,Краснодар,organic,Спорт,5719.33,1,5719.33
100558,20.11.2024,284,Краснодар,email,Одежда,4002.15,1,4002.15
100474,18.11.2024,246,Казань,ads,Дом,1084.52,1,1084.52
101162,21.03.2024,590,Краснодар,social,Электроника,17535.37,1,17535.37
100580,10.11.2024,292,Казань,organic,Электроника,6789.48,1,6789.48
101042,2025-01-11 13:27:58,525,Санкт-Петербург,ads,Электроника,22737.23,5,113686.15
102157,2024/01/20,1095,Казань,ads,Дом,6141.99,1,6141.99
100163,2024-12-15 20:35:08,77,Москва,referral,Одежда,4918.74,1,4918.74
101910,2024/12/04,979,Москва,organic,Книги,1039.69,1,1039.69
101129,2024-07-14 19:08:19,569,Новосибирск,referral,Красота,4738.89,1,4738.89
101153,20.05.2025,585,Краснодар,social,Электроника,5773.2,1,5773.2
100370,11/23/2024,191,Москва,social,Книги,731.03,1,731.03
100629,23.11.2024,320,Санкт-Петербург,organic,Дом,1791.55,1,1791.55
101084,06/12/2025,546,Москва,email,Одежда,4100.82,1,4100.82
101029,11/24/2024,516,Москва,organic,Одежда,5902.91,3,17708.73
102041,01.12.2024,1038,Москва,social,Одежда,5288.59,1,5288.59
101264,2024/12/18,649,Новосибирск,ads,Спорт,7379.01,1,7379.01
100832,27.12.2024,420,Краснодар,email,Красота,2293.4,3,6880.2
100574,2025-01-02 12:25:03,290,,social,Красота,4162.69,1,4162.69
101679,11/14/2024,871,Санкт-Петербург,social,Дом,4509.67,1,4509.67
101485,12/12/2024,764,Казань,referral,Одежда,1108.73,1,1108.73
101006,12/27/2024,506,Казань,referral,Спорт,11381.51,1,11381.51
101509,03/27/2024,776,Москва,email,Красота,4277.38,1,4277.38
102284,29.08.2024,1159,Москва,referral,Спорт,849.95,1,849.95
101518,2024/11/16,780,Москва,social,Одежда,4739.3,3,14217.9
102141,2025-03-17 16:48:21,1089,Новосибирск,email,Книги,1294.67,2,2589.34
100217,10.12.2024,103,Новосибирск,social,Электроника,15375.54,1,15375.54
100303,2025-05-19 10:31:02,155,Москва,ads,Одежда,5150.82,3,15452.46
101494,15.11.2024,770,Краснодар,email,Дом,6796.01,5,33980.05
101110,2024/08/19,564,Екатеринбург,email,Электроника,10709.96,1,10709.96
100752,02/27/2025,381,Казань,organic,Электроника,22831.79,2,45663.58
101921,2024/12/04,985,Новосибирск,social,Дом,3542.21,1,3542.21
101884,02/01/2025,968,Санкт-Петербург,ads,Одежда,1712.62,4,6850.48
101912,2024-07-10 17:46:54,980,Казань,email,Книги,1908.4,1,1908.4
101428,23.05.2024,738,Москва,ads,Красота,3851.6,1,3851.6
100895,2024-12-12 13:19:07,448,Краснодар,organic,Спорт,3865.8,2,7731.6
101730,2024-08-27 16:35:33,892,Новосибирск,social,Книги,1310.05,1,1310.05
101272,2024/12/10,653,Москва,ads,Электроника,6707.29,5,33536.45
102277,29.03.2025,1156,Москва,,Одежда,3428.75,1,3428.75
101054,11/25/2024,530,Москва,social,Одежда,1485.74,1,1485.74
102342,2024/10/31,1188,Краснодар,referral,Спорт,9556.42,1,9556.42
101608,03/14/2025,829,Новосибирск,social,Дом,4680.55,4,18722.2
100039,11/03/2024,20,Краснодар,referral,Красота,4300.87,2,8601.74
101407,2024/11/01,723,Екатеринбург,email,Дом,1455.67,1,1455.67
100440,2025/06/13,228,Екатеринбург,social,Одежда,2991.91,1,2991.91
101353,19.11.2024,696,Новосибирск,ads,Книги,379.21,1,379.21
100220,2024/11/01,104,Москва,social,Электроника,12072.63,3,36217.89
101698,2024/06/13,877,Санкт-Петербург,email,Электроника,18285.44,2,36570.88
101117,01/09/2025,567,Санкт-Петербург,social,Красота,2001.63,1,2001.63
100116,21.10.2024,50,Санкт-Петербург,email,Спорт,10509.44,2,21018.88
100243,06/15/2025,116,Екатеринбург,email,Электроника,8692.24,1,8692.24
100785,2025/03/18,395,Новосибирск,organic,Книги,1040.02,1,1040.02
100622,2024/12/16,316,Казань,email,Спорт,10946.76,2,21893.52
100937,04/03/2025,473,Москва,email,Красота,2807.12,2,5614.24
101696,13.01.2025,877,Краснодар,ads,Книги,363.56,1,363.56
102037,03/23/2024,1037,Санкт-Петербург,referral,Спорт,9447.44,1,9447.44
100975,2024-12-12 22:40:52,490,Новосибирск,ads,Дом,5171.83,2,10343.66
102153,25.12.2024,1093,Краснодар,social,Дом,7122.71,1,7122.71
100905,2025/01/12,453,Краснодар,ads,Книги,555.61,2,1111.22
102272,29.05.2025,1152,Санкт-Петербург,email,Одежда,4199.57,1,4199.57
100502,12/05/2024,258,Краснодар,referral,Книги,810.8,2,1621.6
100106,2024-11-21 18:38:01,43,Екатеринбург,ads,Дом,1923.56,1,1923.56
100128,12/15/2024,57,Краснодар,social,Одежда,1702.19,1,1702.19
101710,03/03/2024,882,Санкт-Петербург,organic,Спорт,4696.02,1,4696.02
100811,07/13/2024,407,Москва,ads,Книги,536.9,1,536.9
100955,2024/12/26,480,Москва,ads,Красота,4995.62,1,4995.62
100876,03/04/2025,436,Казань,referral,Красота,3976.63,2,7953.26
101127,2024-03-29 15:05:07,569,Санкт-Петербург,organic,Дом,1382.86,1,1382.86
102145,2024-03-12 10:36:59,1092,Новосибирск,ads,Спорт,3027.04,3,9081.12
101759,2024/07/05,906,Москва,organic,Электроника,22645.31,2,45290.62
101329,03.11.2024,685,Санкт-Петербург,social,Красота,4130.44,1,4130.44
101109,04/06/2024,564,Казань,ads,Дом,5760.98,1,5760.98
100068,03/27/2025,31,Москва,organic,Электроника,15629.41,1,15629.41
100727,05/07/2024,367,Екатеринбург,ads,Красота,2734.5,1,2734.5
101271,2024-04-06 08:56:38,652,Казань,organic,Красота,3311.83,1,3311.83
100480,05.12.2024,248,Санкт-Петербург,referral,Книги,1555.47,1,1555.47
101520,2025-05-03 16:58:49,782,Санкт-Петербург,ads,Одежда,3921.81,1,3921.81
100095,2024-12-09 08:36:55,42,Казань,email,Спорт,7162.73,1,7162.73
101997,2024/05/27,1025,Москва,ads,Одежда,1282.78,1,1282.78
101392,05/01/2025,714,Казань,social,Спорт,9753.85,1,9753.85
100022,04/10/2025,13,,ads,Спорт,724.36,1,724.36
101576,14.11.2024,810,Новосибирск,ads,Электроника,6098.72,1,6098.72
100723,04/01/2025,367,Краснодар,referral,Книги,2324.99,2,4649.98
101491,2025/05/16,767,Москва,email,Красота,4347.32,2,8694.64
100325,2024-05-27 18:44:25,166,Новосибирск,referral,Спорт,1123.36,1,1123.36
101005,2024/06/28,506,Новосибирск,social,Спорт,11856.85,3,35570.55
101635,19.02.2024,848,Санкт-Петербург,organic,Книги,2428.31,1,2428.31
102038,21.10.2024,1037,Краснодар,organic,Одежда,2554.29,1,2554.29
101354,15.10.2024,697,Санкт-Петербург,social,Электроника,23134.41,2,46268.82
100935,03.05.2025,471,,email,Одежда,923.16,2,1846.32
102046,2024-08-16 10:45:07,1040,Новосибирск,ads,Электроника,7532.73,1,7532.73
101281,10.11.2024,657,Краснодар,referral,Красота,3614.95,1,3614.95
102111,19.01.2024,1073,Краснодар,social,Спорт,2225.23,2,4450.46
102334,24.12.2024,1187,Краснодар,email,Дом,2062.84,1,2062.84
102102,2024-05-25 22:39:27,1067,Новосибирск,ads,Спорт,3546.18,1,3546.18
101023,2024-05-03 08:37:19,512,Краснодар,social,Спорт,2374.28,1,2374.28
100004,2024-09-27 19:29:34,2,Новосибирск,organic,Спорт,1792.9,3,5378.7
101069,04/26/2025,541,Москва,ads,Дом,6241.32,2,12482.64
100313,2024-06-17 14:10:03,162,Екатеринбург,ads,Красота,542.57,4,2170.28
101144,2024-08-28 13:32:52,578,Казань,social,Электроника,7877.27,2,15754.54
101974,11/01/2024,1017,Санкт-Петербург,email,Дом,7725.01,1,7725.01
100738,2024-11-12 09:41:35,374,Санкт-Петербург,social,Одежда,-4477.48,1,-4477.48
102337,30.05.2024,1188,Казань,social,Электроника,12085.09,1,12085.09
102244,06.04.2025,1136,Санкт-Петербург,ads,Электроника,3089.84,1,3089.84
100762,08.12.2024,384,Екатеринбург,organic,Спорт,9831.07,1,9831.07
101628,05.12.2024,842,Санкт-Петербург,ads,Спорт,9285.13,4,37140.52
101336,01/17/2025,690,Москва,organic,Книги,584.74,1,584.74
100186,2025/02/08,88,Москва,referral,Книги,1788.57,1,1788.57
102010,04.06.2024,1029,Новосибирск,social,Электроника,11458.63,2,22917.26
101830,2025-05-05 11:04:54,944,Казань,organic,Красота,626.82,1,626.82
100982,2024/04/07,495,Екатеринбург,referral,Дом,5335.82,60,320149.2
100914,11/04/2024,458,Санкт-Петербург,organic,Одежда,1090.55,2,2181.1
100588,2025-04-30 10:42:59,294,Москва,referral,Одежда,1385.93,1,1385.93
100268,27.12.2024,130,Новосибирск,organic,Электроника,5919.4,1,5919.4
101969,12/08/2024,1015,Казань,ads,Дом,3877.72,1,3877.72
101254,2024/07/26,643,Новосибирск,referral,Спорт,7926.07,23,182299.61
101790,2024-04-08 11:08:49,922,Краснодар,organic,Спорт,5863.17,1,5863.17
102093,2024-12-21 20:21:22,1063,Москва,social,Электроника,24062.9,1,24062.9
102310,2025/01/19,1174,Казань,organic,Красота,1240.46,2,2480.92
101334,27.11.2024,690,Казань,email,Дом,7710.8,1,7710.8
100393,2024/12/26,204,Краснодар,ads,Красота,541.77,1,541.77
101760,11.11.2024,906,Екатеринбург,social,Одежда,5271.64,2,10543.28
100375,2024/05/15,193,Краснодар,organic,Книги,1871.65,2,3743.3
101369,2025-05-21 14:23:27,704,Казань,referral,Одежда,5033.98,2,10067.96
100746,26.03.2024,378,Екатеринбург,social,Одежда,2383.99,1,2383.99
100705,11/24/2024,360,Москва,email,Спорт,2374.27,1,2374.27
101660,2024-10-03 13:15:42,862,Екатеринбург,ads,Красота,4346.43,2,8692.86
100134,2024/03/08,61,Екатеринбург,social,Электроника,20362.99,2,40725.98
100601,2025/01/27,305,Санкт-Петербург,social,Красота,2074.36,1,2074.36
102237,2024-01-03 14:53:10,1132,Москва,ads,Спорт,2256.24,1,2256.24
100593,2024/04/23,299,Санкт-Петербург,referral,Красота,3015.86,1,3015.86
102144,03/08/2025,1091,Краснодар,email,Электроника,18278.32,1,18278.32
100409,10.06.2025,213,Екатеринбург,social,Одежда,3087.47,1,3087.47
101493,07.03.2024,769,Новосибирск,ads,Спорт,9390.31,1,9390.31
100546,2024/11/07,281,Москва,social,Красота,4436.16,1,4436.16
101294,12.03.2024,664,Санкт-Петербург,social,Красота,2418.81,3,7256.43
101440,08/16/2024,744,Санкт-Петербург,organic,Дом,1298.73,1,1298.73
100168,2024/02/12,80,Краснодар,,Красота,4549.2,1,4549.2
100082,2024/06/06,38,Новосибирск,email,Электроника,13151.85,1,13151.85
101059,04.12.2024,534,Екатеринбург,social,Книги,1880.3,2,3760.6
101139,2024/04/02,575,Новосибирск,email,Дом,6414.27,1,6414.27
100054,2025-01-23 21:26:16,22,,organic,Спорт,4393.36,2,8786.72
102192,2024/12/27,1111,Москва,social,Дом,2366.57,2,4733.14
102045,2024/10/18,1039,Екатеринбург,organic,Электроника,18878.69,1,18878.69
100841,2024-12-01 18:23:55,424,Краснодар,referral,Красота,4401.32,1,4401.32
101868,2024/10/14,961,Краснодар,ads,Дом,7604.37,1,7604.37
102110,02.01.2025,1072,Екатеринбург,email,Книги,1033.8,1,1033.8
101846,2024/12/21,952,Москва,organic,Спорт,9923.24,1,9923.24
101689,2024-11-24 17:43:11,874,Краснодар,email,Книги,874.68,1,874.68
101365,2024/10/14,703,Москва,referral,Красота,689.85,2,1379.7
100894,2024-09-09 08:11:02,447,Москва,referral,Дом,7572.49,2,15144.98
100203,03/06/2025,95,Новосибирск,organic,Дом,3566.5,2,7133.0
101677,07.06.2025,869,Казань,referral,Книги,1244.48,1,1244.48
101399,2024/10/04,718,Екатеринбург,ads,Электроника,8535.04,1,8535.04
100394,2024-01-12 16:09:07,205,Москва,social,Красота,3380.53,4,13522.12
101459,07/20/2024,753,Краснодар,social,Книги,2485.99,2,4971.98
100898,30.04.2025,450,Москва,ads,Книги,1661.82,1,1661.82
100954,2024/01/15,479,Казань,organic,Одежда,2610.04,4,10440.16
100556,11/07/2024,284,,ads,Дом,2669.06,1,2669.06
100127,23.12.2024,56,Санкт-Петербург,organic,Красота,924.52,1,924.52
101444,2024-11-30 21:05:06,747,Москва,organic,Книги,2069.96,1,2069.96
102158,2025-03-05 14:59:37,1096,Краснодар,social,Спорт,7834.21,1,7834.21
101780,03/24/2024,919,Краснодар,email,Спорт,3089.23,1,3089.23
101772,02/02/2024,913,Краснодар,organic,Электроника,4534.37,2,9068.74
101233,2024-05-09 12:28:27,634,Казань,ads,Электроника,5646.11,2,11292.22
101575,10.12.2024,810,Казань,referral,Дом,3319.86,1,3319.86
100923,12.12.2024,462,Екатеринбург,email,Книги,1342.64,1,1342.64
100207,13.11.2024,97,Москва,ads,Книги,373.87,1,373.87
101498,2024/04/21,772,Краснодар,referral,Дом,510.95,1,510.95
101738,2024-05-09 13:31:53,894,Краснодар,social,Одежда,815.01,1,815.01
101106,2024/10/28,562,Казань,referral,Электроника,9528.52,1,9528.52
102000,2024/01/25,1026,Краснодар,referral,Красота,2541.85,3,7625.55
101839,06/19/2025,950,Новосибирск,ads,Книги,1723.99,1,1723.99
102186,2024/11/26,1108,Новосибирск,referral,Книги,1365.41,1,1365.41
100038,2024/07/20,20,Казань,referral,Красота,3709.38,2,7418.76
100582,2024-08-06 17:11:21,292,Москва,referral,Красота,3049.45,1,3049.45
100800,06/28/2024,401,Новосибирск,email,Спорт,7627.21,3,22881.63
101740,2024-12-01 22:50:17,895,Москва,organic,Спорт,11908.24,1,11908.24
102008,2024/11/18,1029,Краснодар,email,Электроника,22330.28,2,44660.56
100301,02/27/2024,153,Екатеринбург,ads,Одежда,2185.94,3,6557.82
100461,2024-06-11 08:47:59,236,Екатеринбург,email,Красота,4821.58,4,19286.32
100732,2024-11-23 11:29:30,370,Краснодар,ads,Одежда,3430.09,1,3430.09
102332,2025/03/02,1186,Санкт-Петербург,ads,Одежда,5336.15,1,5336.15
102316,2024/04/07,1177,Казань,organic,Спорт,6299.68,1,6299.68
101675,01/21/2025,868,Санкт-Петербург,referral,Красота,2944.77,1,2944.77
101103,08/02/2024,559,Екатеринбург,ads,Книги,1194.38,1,1194.38
101273,11.08.2024,653,Казань,referral,Одежда,4109.71,1,4109.71
102165,2024/03/22,1100,Екатеринбург,organic,Красота,3914.85,1,3914.85
101318,2025/03/10,677,Казань,ads,Дом,3250.95,1,3250.95
102323,14.12.2024,1182,Санкт-Петербург,ads,Электроника,9930.82,1,9930.82
100783,11.08.2024,395,Екатеринбург,referral,Одежда,3150.82,1,3150.82
100842,02/13/2025,424,Новосибирск,organic,Красота,2443.81,2,4887.62
101758,2024-08-27 22:59:17,906,Краснодар,ads,Спорт,8803.08,1,8803.08
101788,10.05.2024,920,Москва,ads,Одежда,4528.09,1,4528.09
101778,11.04.2024,918,Москва,referral,Одежда,3043.54,4,12174.16
100670,2024-04-12 19:16:32,343,Екатеринбург,email,Дом,5880.4,3,17641.2
100999,07/10/2024,502,Новосибирск,referral,Одежда,2438.58,1,2438.58
100617,04/01/2025,313,Краснодар,email,Дом,3086.9,1,3086.9
100423,2024-12-08 13:05:38,222,Краснодар,email,Электроника,21111.62,1,21111.62
101815,2024-11-27 11:29:00,934,,organic,Одежда,3801.98,1,3801.98
101484,19.06.2025,764,Новосибирск,social,Одежда,5946.16,1,5946.16
100660,2024-06-29 08:46:31,336,Москва,organic,Электроника,8684.73,3,26054.19
100154,01/11/2025,71,Екатеринбург,ads,Красота,1926.85,1,1926.85
100430,2024/11/22,226,Новосибирск,referral,Книги,2196.45,1,2196.45
100173,2025-06-11 22:19:31,83,Москва,email,Одежда,4768.23,1,4768.23
100728,27.08.2024,368,Краснодар,email,Книги,1544.31,3,4632.93
102358,06/06/2025,1197,Санкт-Петербург,social,Книги,768.88,1,768.88
101721,2024-12-15 14:24:07,888,Москва,social,Электроника,3327.86,1,3327.86
101942,21.09.2024,998,Екатеринбург,ads,Электроника,10992.0,1,10992.0
100451,08/20/2024,232,Екатеринбург,ads,Дом,7316.92,1,7316.92
100602,21.11.2024,306,Краснодар,ads,Книги,1860.54,1,1860.54
100080,2025/05/25,37,Казань,ads,Одежда,3495.88,2,6991.76
100525,2025/02/27,273,Казань,referral,Книги,2271.04,1,2271.04
101282,11/06/2024,657,Краснодар,social,Красота,620.6,1,620.6
101373,01/17/2025,707,Санкт-Петербург,social,Дом,4168.85,1,4168.85
101072,23.10.2024,542,Краснодар,social,Красота,2468.87,3,7406.61
100979,03/17/2024,492,Екатеринбург,referral,Книги,778.42,1,778.42
101799,2024-02-10 15:38:43,928,Краснодар,social,Книги,2170.33,2,4340.66
100992,04/19/2024,500,Санкт-Петербург,referral,Книги,1726.44,1,1726.44
101572,2024-12-19 14:06:29,810,Новосибирск,organic,Дом,5861.89,1,5861.89
100804,17.04.2025,401,Новосибирск,organic,Электроника,17055.07,2,34110.14
100158,2024/11/08,75,Новосибирск,social,Красота,1135.94,1,1135.94
100121,12/04/2024,52,Казань,referral,Спорт,5380.28,1,5380.28
101156,24.09.2024,587,Краснодар,organic,Спорт,11606.31,2,23212.62
102055,2025-02-20 21:09:24,1043,,email,Электроника,10080.79,2,20161.58
101765,14.08.2024,909,Казань,referral,Красота,3221.78,1,3221.78
101541,2025-05-24 12:52:38,794,Краснодар,email,Красота,2135.54,1,2135.54
100031,2025-01-13 10:27:08,18,Екатеринбург,referral,Красота,4558.07,1,4558.07
100236,05/19/2024,114,Екатеринбург,ads,Дом,3729.62,3,11188.86
101954,2025/04/13,1005,Новосибирск,referral,Книги,2008.25,1,2008.25
101331,26.01.2024,687,Новосибирск,referral,Красота,3852.54,1,3852.54
101184,2025/01/07,604,Казань,organic,Книги,2275.9,2,4551.8
100333,2024/06/26,171,Краснодар,referral,Красота,440.93,4,1763.72
102265,04/26/2024,1151,Краснодар,referral,Спорт,4797.09,1,4797.09
101892,12/04/2024,972,Санкт-Петербург,organic,Одежда,944.44,1,944.44
101821,08/06/2024,939,Санкт-Петербург,social,Дом,7747.7,1,7747.7
101328,2025/01/05,684,Краснодар,referral,Красота,3502.71,1,3502.71
102033,04/21/2024,1036,Екатеринбург,ads,Дом,612.84,1,612.84
100179,11/02/2024,84,Краснодар,social,Спорт,11893.96,2,23787.92
100295,2024-03-27 12:58:52,148,Москва,organic,Одежда,1830.29,1,1830.29
101507,19.08.2024,776,Екатеринбург,referral,Дом,3956.41,2,7912.82
102227,25.03.2025,1128,Санкт-Петербург,social,Книги,1736.03,1,1736.03
101523,2024/11/26,783,Екатеринбург,organic,Дом,4475.26,1,4475.26
101209,03/15/2024,619,Новосибирск,ads,Книги,1730.38,1,1730.38
100839,2025/01/04,423,Екатеринбург,organic,Дом,7995.84,3,23987.52
102321,2025/05/29,1181,Краснодар,organic,Одежда,1815.24,1,1815.24
102216,04/04/2025,1123,Москва,ads,Спорт,1044.46,1,1044.46
100457,11/10/2024,232,Краснодар,organic,Электроника,6347.28,5,31736.4
101635,19.02.2024,848,Санкт-Петербург,organic,Книги,2428.31,1,2428.31
100913,22.05.2024,457,Екатеринбург,referral,Дом,6895.4,1,6895.4
102274,14.12.2024,1153,Казань,social,Спорт,11824.07,1,11824.07
101081,2025-04-09 16:43:49,544,Краснодар,referral,Дом,1675.45,1,1675.45
102128,2024/12/09,1079,Новосибирск,social,Одежда,1938.93,1,1938.93
101994,2024/09/16,1024,Краснодар,email,Спорт,2310.65,1,2310.65
102208,2024-01-12 17:02:37,1118,Санкт-Петербург,organic,Электроника,16724.57,1,16724.57
102268,01/20/2025,1152,Новосибирск,email,Электроника,19210.23,1,19210.23
102353,24.09.2024,1193,Москва,email,Красота,4698.86,1,4698.86
100157,03/21/2025,74,Екатеринбург,social,Электроника,18989.92,4,75959.68
101613,2024-12-18 19:11:43,833,Екатеринбург,referral,Электроника,10127.49,1,10127.49
100334,08/11/2024,172,Казань,organic,Спорт,10322.92,1,10322.92
101394,2024/09/25,714,Новосибирск,organic,Красота,2063.92,1,2063.92
102214,20.11.2024,1122,Москва,,Дом,6215.67,1,6215.67
102218,04/06/2024,1125,,organic,Красота,4775.19,1,4775.19
101325,2024/05/06,681,Санкт-Петербург,ads,Книги,1565.95,1,1565.95
100946,11/11/2024,475,Москва,referral,Спорт,1132.59,1,1132.59
100237,09/05/2024,115,Екатеринбург,organic,Дом,6011.56,2,12023.12
101352,12/16/2024,695,Казань,organic,Дом,3406.44,2,6812.88
102154,2024/11/20,1094,Москва,email,Электроника,7393.69,1,7393.69
101050,2024-07-29 18:27:34,529,Краснодар,referral,Спорт,5046.69,1,5046.69
100292,11.11.2024,147,Краснодар,referral,Дом,7734.76,1,7734.76
100302,2025/01/02,154,Казань,social,Книги,999.61,2,1999.22
101834,16.02.2024,945,Краснодар,organic,Дом,5978.73,2,11957.46
102264,11/19/2024,1150,Новосибирск,referral,Электроника,13310.16,58,771989.28
101402,2024/12/21,720,Санкт-Петербург,email,Одежда,4949.76,1,4949.76
102236,20.03.2025,1132,Новосибирск,email,Одежда,5468.6,1,5468.6
101990,12/25/2024,1024,Краснодар,ads,Электроника,23553.5,1,23553.5
101220,25.12.2024,627,Краснодар,referral,Одежда,3735.81,1,3735.81
101604,2024-12-15 21:20:02,828,Казань,referral,Спорт,6077.17,3,18231.51
101012,11/10/2024,506,Казань,ads,Книги,606.19,2,1212.38
100487,21.07.2024,249,Санкт-Петербург,organic,Одежда,4762.57,1,4762.57
100274,01/13/2024,134,Казань,email,Спорт,7910.33,1,7910.33
101644,02.12.2024,851,Новосибирск,ads,Электроника,8705.86,1,8705.86
102322,04/08/2024,1182,Новосибирск,organic,Одежда,1674.64,2,3349.28
101801,2024/05/17,929,Краснодар,organic,Книги,1045.44,1,1045.44
101481,11/19/2024,764,Москва,email,Электроника,17473.75,1,17473.75
100433,11/04/2024,227,Казань,organic,Одежда,1854.39,1,1854.39
101363,2024-10-06 19:36:30,703,Краснодар,ads,Красота,1480.09,3,4440.27
100210,11/22/2024,99,Санкт-Петербург,social,Красота,3488.18,2,6976.36
100627,2024-11-27 11:50:57,319,Новосибирск,email,Спорт,4545.54,4,18182.16
100456,04/11/2025,232,,referral,Электроника,-7012.96,1,-7012.96
102249,03/30/2025,1138,Санкт-Петербург,social,Красота,1893.01,1,1893.01
100685,05/18/2025,348,Москва,ads,Спорт,10787.19,1,10787.19
101828,26.10.2024,944,Краснодар,ads,Электроника,16964.29,2,33928.58
101461,08/24/2024,753,Екатеринбург,referral,Спорт,11029.39,2,22058.78
100070,2025-03-29 17:27:19,33,Казань,organic,Одежда,4833.61,1,4833.61
101131,07.01.2025,569,Москва,social,Дом,1193.09,1,1193.09
100162,24.10.2024,76,Екатеринбург,social,Красота,1998.16,1,1998.16
100366,03.04.2024,190,Краснодар,email,Спорт,1104.9,1,1104.9
101706,2024/12/09,881,Краснодар,email,Дом,3215.22,2,6430.44
101719,2024-11-21 18:35:31,887,Новосибирск,ads,Одежда,3511.61,1,3511.61
100315,11/10/2024,162,Санкт-Петербург,organic,Книги,2147.68,1,2147.68
100298,13.12.2024,151,Краснодар,social,Одежда,4165.85,1,4165.85
102065,12/07/2024,1049,Москва,referral,Спорт,2297.21,1,2297.21
100548,12/21/2024,282,Новосибирск,email,Дом,1322.74,1,1322.74
100510,24.12.2024,263,Новосибирск,social,Электроника,5511.63,1,5511.63
101717,22.12.2024,886,Москва,organic,Спорт,7240.16,1,7240.16
100267,2024-08-27 09:45:06,130,Санкт-Петербург,email,Красота,1805.34,2,3610.68
101532,2024/11/22,788,Новосибирск,referral,Дом,3049.48,2,6098.96
100270,26.03.2025,132,Новосибирск,social,Книги,318.64,2,637.28
101636,2024-11-04 09:24:25,849,Санкт-Петербург,ads,Красота,4816.52,1,4816.52
100172,24.10.2024,82,Санкт-Петербург,referral,Спорт,3501.48,1,3501.48
100343,2024/06/30,178,Санкт-Петербург,ads,Одежда,4850.49,1,4850.49
100679,2025-01-13 18:29:05,345,Новосибирск,ads,Одежда,4011.94,4,16047.76
101736,2025-05-03 17:04:28,893,Краснодар,referral,Дом,1827.7,1,1827.7
101787,31.07.2024,920,Санкт-Петербург,ads,Красота,460.01,1,460.01
101210,04/09/2025,620,Москва,email,Электроника,6996.82,1,6996.82
100529,04.04.2024,274,Санкт-Петербург,referral,Дом,6387.08,2,12774.16
102238,2024/12/31,1133,Новосибирск,organic,Одежда,4985.22,2,9970.44
100045,11/28/2024,20,Краснодар,social,Одежда,4981.37,2,9962.74
100657,2024-12-28 14:26:20,334,Краснодар,ads,Книги,741.43,1,741.43
101676,16.10.2024,869,,referral,Книги,2337.7,2,4675.4
100528,2024/08/31,274,Санкт-Петербург,,Дом,3604.02,1,3604.02
100064,2024/09/06,28,Новосибирск,social,Электроника,5047.17,1,5047.17
100986,01/23/2025,496,Москва,ads,Дом,1062.82,1,1062.82
100361,21.06.2025,187,Краснодар,referral,Красота,1845.49,2,3690.98
100514,20.12.2024,265,Москва,ads,Спорт,5827.24,1,5827.24
101639,2024/11/04,850,Санкт-Петербург,organic,Спорт,8052.08,2,16104.16
100711,29.03.2024,363,Казань,email,Книги,755.86,2,1511.72
102039,2025-03-05 14:25:16,1037,Екатеринбург,,Книги,1437.0,1,1437.0
101794,2025-02-06 20:56:57,925,Новосибирск,ads,Дом,7766.29,1,7766.29
101443,05/18/2025,746,Новосибирск,ads,Дом,1386.7,1,1386.7
100921,24.05.2025,461,Новосибирск,organic,Красота,4639.38,1,4639.38
101192,07/05/2024,608,Новосибирск,ads,Красота,2424.2,5,12121.0
100297,07.08.2024,150,Москва,social,Спорт,8420.31,1,8420.31
100535,2024-11-16 22:43:03,275,Новосибирск,organic,Дом,5099.47,1,5099.47
101657,2024-05-21 15:01:02,860,Екатеринбург,email,Книги,440.96,1,440.96
100396,2024-11-22 20:36:54,206,Казань,email,Одежда,1636.96,1,1636.96
102071,01/01/2025,1052,Краснодар,social,Спорт,6077.53,2,12155.06
100667,06.01.2025,342,Новосибирск,email,Спорт,4194.73,4,16778.92
101259,09.05.2025,647,Новосибирск,ads,Дом,2327.6,1,2327.6
100584,17.01.2024,292,Москва,social,Красота,3217.23,2,6434.46
101284,2024/12/07,657,Москва,ads,Электроника,18708.76,1,18708.76
100900,30.05.2025,450,Екатеринбург,organic,Спорт,5434.75,4,21739.0
101711,03.02.2024,882,Екатеринбург,social,Дом,2967.13,2,5934.26
101962,2024/08/14,1008,Краснодар,social,Спорт,11148.11,1,11148.11
101964,28.11.2024,1010,Краснодар,referral,Красота,959.07,1,959.07
101098,2024/08/15,556,,social,Спорт,4955.36,1,4955.36
101147,11/19/2024,580,Москва,email,Красота,866.46,3,2599.38
100902,2024-11-06 17:13:37,451,Казань,email,Спорт,7056.23,1,7056.23
101525,29.12.2024,785,Санкт-Петербург,organic,Книги,2183.26,44,96063.44
101851,2024/12/25,954,Краснодар,ads,Дом,7419.52,1,7419.52
102198,2025-05-09 08:38:10,1115,Краснодар,organic,Спорт,6207.42,1,6207.42
100896,2025/01/05,449,Санкт-Петербург,referral,Одежда,2522.3,2,5044.6
100966,2024/09/08,484,Краснодар,organic,Красота,4530.38,1,4530.38
101324,03.03.2024,680,Санкт-Петербург,referral,Красота,3510.33,54,189557.82
100792,2024-11-02 08:36:50,397,Санкт-Петербург,ads,Спорт,5510.63,2,11021.26
100296,12/02/2024,149,Краснодар,email,Красота,2439.78,1,2439.78
101175,2025/03/26,598,Казань,organic,Дом,3495.72,4,13982.88
101656,03/26/2025,859,Новосибирск,ads,Одежда,5077.44,4,20309.76
101135,2024/12/10,572,Екатеринбург,ads,Электроника,6492.51,1,6492.51
101345,12/15/2024,693,Екатеринбург,ads,Книги,645.35,1,645.35
100462,2024/08/11,237,Москва,ads,Одежда,2674.22,1,2674.22
101262,03.06.2025,648,Краснодар,referral,Книги,1573.71,1,1573.71
101985,2024-06-12 20:15:53,1022,Москва,social,Красота,1651.71,1,1651.71
101442,02/28/2024,745,Новосибирск,organic,Красота,705.07,1,705.07
100309,2024/11/27,158,Новосибирск,organic,Дом,6090.07,1,6090.07
100350,2024/04/28,181,Новосибирск,ads,Красота,4246.15,1,4246.15
100603,03/09/2025,306,Новосибирск,social,Дом,3145.34,1,3145.34
101615,2025/06/11,835,Екатеринбург,ads,Одежда,4683.88,1,4683.88
101236,08/19/2024,636,Санкт-Петербург,referral,Красота,1161.92,2,2323.84
102181,01/03/2024,1107,Казань,referral,Спорт,8145.36,1,8145.36
102067,2024-01-17 22:28:18,1050,Екатеринбург,social,Спорт,4293.97,5,21469.85
100672,08.11.2024,344,Казань,ads,Одежда,815.99,1,815.99
102187,27.01.2024,1109,Санкт-Петербург,referral,Электроника,20154.08,1,20154.08
101303,04/08/2025,670,Москва,ads,Одежда,3245.21,1,3245.21
101486,05/07/2024,764,Москва,organic,Дом,2367.73,3,7103.19
100952,20.02.2025,479,Краснодар,email,Одежда,3397.12,1,3397.12
101229,06/14/2024,632,Екатеринбург,ads,Красота,556.92,2,1113.84
100012,2024-09-26 20:11:32,7,Краснодар,referral,Спорт,2487.18,1,2487.18
101566,2024-12-08 21:54:01,805,Москва,email,Одежда,1190.3,2,2380.6
101558,2024/02/01,801,Казань,ads,Красота,941.5,2,1883.0
102229,2024/06/28,1129,Новосибирск,organic,Книги,715.58,2,1431.16
101648,22.12.2024,854,Екатеринбург,email,Дом,5171.8,1,5171.8
101204,11/17/2024,616,Краснодар,ads,Электроника,22155.96,2,44311.92
100797,2025/03/18,399,Казань,ads,Одежда,1475.65,1,1475.65
101308,2024/11/19,673,Краснодар,ads,Одежда,2399.32,1,2399.32
101255,2024/11/13,644,Казань,social,Одежда,2478.35,1,2478.35
100749,12.03.2024,380,Краснодар,social,Книги,918.88,1,918.88
100815,2025-04-04 18:47:14,410,Санкт-Петербург,organic,Электроника,10372.31,2,20744.62
101709,11/28/2024,881,Краснодар,ads,Красота,3350.97,2,6701.94
100919,2025/05/04,460,Санкт-Петербург,organic,Одежда,2465.33,1,2465.33
101563,14.09.2024,804,Санкт-Петербург,social,Дом,7853.56,2,15707.12
100698,2024-02-16 16:27:26,357,Новосибирск,social,Книги,405.0,1,405.0
101592,21.11.2024,822,Краснодар,ads,Спорт,11934.37,1,11934.37
100216,2024/04/10,102,Санкт-Петербург,referral,Дом,4346.12,1,4346.12
100378,03.02.2024,195,,social,Электроника,18193.09,1,18193.09
102006,24.06.2025,1029,Краснодар,organic,Электроника,14091.73,1,14091.73
100204,05/16/2024,95,Казань,ads,Красота,4835.06,3,14505.18
101314,2024/06/22,677,Казань,organic,Электроника,16680.97,1,16680.97
100662,2025/06/18,338,Новосибирск,organic,Книги,1915.86,4,7663.44
100547,2024-05-10 08:23:57,281,Москва,social,Электроника,16452.8,1,16452.8
100770,2024-07-19 18:58:12,389,Екатеринбург,ads,Книги,2189.14,1,2189.14
100638,24.03.2025,326,,email,Красота,2661.58,1,2661.58
100096,20.11.2024,42,Краснодар,organic,Дом,6318.06,1,6318.06
101803,2025/05/26,929,Новосибирск,email,Красота,4238.49,3,12715.47
100726,2024-11-07 16:07:46,367,Екатеринбург,referral,Книги,869.12,3,2607.36
100824,2024/06/28,418,Новосибирск,social,Дом,4963.88,1,4963.88
101195,06/10/2024,610,Краснодар,social,Одежда,4785.27,2,9570.54
101186,2024/12/06,604,Москва,ads,Красота,1240.35,4,4961.4
100512,01.04.2025,264,Санкт-Петербург,organic,Электроника,12230.8,1,12230.8
100509,27.11.2024,263,Краснодар,organic,Одежда,5389.25,1,5389.25
100606,2024-05-15 14:28:47,309,Екатеринбург,ads,Дом,3624.02,2,7248.04
102170,01/28/2025,1101,Санкт-Петербург,ads,Спорт,7069.53,1,7069.53
100214,08/04/2024,102,Санкт-Петербург,social,Дом,2773.91,4,11095.64
100475,04/18/2024,246,,email,Книги,1948.23,1,1948.23
100413,24.02.2025,216,Казань,social,Спорт,10500.52,1,10500.52
101476,11/03/2024,762,Санкт-Петербург,referral,Дом,792.04,1,792.04
101517,2024-11-25 08:49:42,779,Краснодар,organic,Дом,3956.74,2,7913.48
101453,29.04.2025,751,Екатеринбург,organic,Дом,7530.77,1,7530.77
100152,2024-02-07 08:50:12,71,Екатеринбург,referral,Электроника,18752.99,4,75011.96
100001,2024-05-22 18:47:57,1,Казань,email,Электроника,19314.11,1,19314.11
100460,2024-11-07 15:47:49,235,Казань,ads,Красота,1545.23,2,3090.46
102118,27.12.2024,1076,Новосибирск,organic,Одежда,2727.82,1,2727.82
101045,29.07.2024,528,Новосибирск,referral,Электроника,17444.99,1,17444.99
101350,2025-03-02 14:44:09,693,Санкт-Петербург,,Спорт,5226.33,1,5226.33
102185,2024-07-02 10:44:21,1108,Казань,ads,Электроника,19666.53,2,39333.06
100091,19.12.2024,41,Санкт-Петербург,organic,Электроника,9454.09,1,9454.09
100761,2024/03/17,383,Москва,organic,Красота,1437.89,2,2875.78
100201,2024-02-29 18:51:19,94,Новосибирск,referral,Одежда,3468.89,1,3468.89
101289,2025/02/11,660,Москва,organic,Дом,1755.25,2,3510.5
100594,12/28/2024,300,Екатеринбург,organic,Красота,4782.7,4,19130.8
100155,09/30/2024,72,Казань,ads,Спорт,4851.02,2,9702.04
100646,05/17/2025,328,Новосибирск,social,Спорт,9333.33,1,9333.33
100195,2024/12/08,91,Екатеринбург,social,Одежда,5904.76,1,5904.76
101654,2024/12/06,858,Новосибирск,email,Спорт,2677.28,2,5354.56
100148,27.05.2024,67,Казань,email,Красота,2770.73,1,2770.73
101579,06/24/2024,811,Краснодар,social,Дом,4395.68,5,21978.4
100678,2024-07-12 14:50:09,345,Екатеринбург,referral,Одежда,5975.08,1,5975.08
100336,11/02/2024,174,Краснодар,referral,Дом,5420.9,4,21683.6
101001,2024-08-21 10:48:09,504,Москва,referral,Электроника,15479.87,5,77399.35
100112,2024-10-28 17:27:06,47,Краснодар,social,Книги,1866.74,1,1866.74
100072,16.10.2024,33,Екатеринбург,social,Спорт,3991.23,1,3991.23
100543,19.04.2025,280,Екатеринбург,email,Красота,3041.27,1,3041.27
100085,21.01.2025,38,Казань,email,Спорт,4599.9,1,4599.9
101263,08/17/2024,649,Казань,email,Красота,4891.87,3,14675.61
100422,2024-12-26 13:51:35,221,Санкт-Петербург,email,Спорт,9549.13,4,38196.52
101286,2024/09/21,657,Санкт-Петербург,referral,Одежда,3913.51,2,7827.02
100664,2024/09/17,340,Краснодар,organic,Одежда,5843.6,1,5843.6
100968,12/27/2024,485,Москва,email,Одежда,2268.81,3,6806.43
100269,16.11.2024,131,Краснодар,ads,Электроника,19076.79,1,19076.79
100437,2024/12/08,227,Екатеринбург,ads,Электроника,10159.6,2,20319.2
102105,06/13/2025,1069,Краснодар,ads,Дом,2283.22,3,6849.66
100482,04/07/2024,248,,organic,Красота,3633.1,3,10899.3
101488,17.02.2024,765,Екатеринбург,organic,Электроника,8078.82,1,8078.82
101223,25.12.2024,628,Санкт-Петербург,organic,Спорт,1086.72,3,3260.16
101914,28.11.2024,980,Москва,social,Спорт,9237.35,2,18474.7
100540,2024-05-10 14:52:45,278,Екатеринбург,social,Одежда,2267.74,1,2267.74
100885,07/05/2024,441,Санкт-Петербург,ads,Спорт,4929.7,1,4929.7
102338,2024-04-08 11:43:32,1188,Москва,email,Книги,2032.12,1,2032.12
101063,03/21/2024,538,Казань,organic,Одежда,2781.67,5,13908.35
100776,23.01.2025,394,Екатеринбург,email,Электроника,3461.86,2,6923.72
100533,2024-04-30 10:17:07,275,Казань,social,Дом,4492.07,2,8984.14
100819,09/11/2024,413,Казань,referral,Электроника,22945.91,2,45891.82
101755,2024-12-21 19:19:46,905,Краснодар,social,Книги,2361.22,4,9444.88
100398,12.05.2025,207,Казань,social,Книги,453.58,1,453.58
101370,22.04.2025,704,Москва,referral,Одежда,2530.58,1,2530.58
100196,01/03/2025,91,Екатеринбург,ads,Красота,3035.24,1,3035.24
101767,2024-12-23 15:30:16,911,Краснодар,ads,Красота,488.42,1,488.42
101971,01/29/2024,1016,Новосибирск,organic,Одежда,3251.99,1,3251.99
102191,2024/04/07,1110,Краснодар,social,Дом,3097.38,2,6194.76
101952,14.12.2024,1003,Краснодар,referral,Электроника,4060.93,1,4060.93
100069,12/03/2024,32,Казань,social,Электроника,15694.47,2,31388.94
100720,2024-05-29 19:51:33,367,Москва,referral,Красота,2064.16,1,2064.16
100206,2024-12-20 20:59:56,96,Санкт-Петербург,ads,Спорт,4611.61,1,4611.61
102295,21.12.2024,1167,Казань,email,Одежда,2360.45,1,2360.45
101965,2024-03-01 13:52:34,1011,Казань,organic,Одежда,4562.24,1,4562.24
100124,03/20/2024,55,Краснодар,email,Электроника,12596.83,1,12596.83
101237,2025/03/07,637,Москва,organic,Спорт,4050.41,4,16201.64
101265,09/15/2024,650,Новосибирск,ads,Дом,990.6,2,1981.2
100073,2024-06-01 21:09:04,34,Санкт-Петербург,referral,Одежда,3010.72,1,3010.72
102294,12.01.2025,1167,Санкт-Петербург,ads,Одежда,3737.66,1,3737.66
102135,2024-08-27 22:51:57,1085,Екатеринбург,referral,Одежда,4333.07,1,4333.07
100503,2024/11/02,258,Новосибирск,ads,Одежда,5231.07,1,5231.07
102088,2024/12/05,1060,Екатеринбург,ads,Спорт,8819.35,1,8819.35
100346,2024-12-17 17:19:10,179,Москва,referral,Одежда,1976.58,3,5929.74
101489,15.01.2024,766,Санкт-Петербург,organic,Красота,1366.94,1,1366.94
101904,11/02/2024,979,Новосибирск,,Электроника,17337.13,1,17337.13
100060,10/03/2024,26,Новосибирск,email,Спорт,2690.35,1,2690.35
101315,2024/09/01,677,Москва,referral,Спорт,4299.81,1,4299.81
100927,21.11.2024,465,Казань,ads,Спорт,9529.79,2,19059.58
101302,01/07/2025,669,Екатеринбург,referral,Одежда,4505.47,1,4505.47
101659,2024-09-25 16:49:35,862,Краснодар,social,Электроника,23106.45,1,23106.45
102027,2024-11-03 08:06:39,1034,Екатеринбург,ads,Спорт,5434.27,1,5434.27
102302,31.01.2024,1170,Москва,social,Красота,2000.25,4,8001.0
100957,11/20/2024,481,Краснодар,social,Электроника,24897.99,3,74693.97
100511,09.12.2024,263,Санкт-Петербург,ads,Спорт,1196.14,1,1196.14
100562,2024/08/27,285,Санкт-Петербург,social,Дом,4072.0,4,16288.0
101786,2025-01-03 19:12:44,919,Краснодар,ads,Красота,904.65,1,904.65
100892,2024-10-07 22:09:27,445,Казань,ads,Одежда,1426.4,1,1426.4
100718,2025/04/30,365,Екатеринбург,,Спорт,9392.18,1,9392.18
102112,11/22/2024,1073,Санкт-Петербург,social,Одежда,2684.55,4,10738.2
101251,2025/04/01,641,Санкт-Петербург,ads,Дом,7801.85,1,7801.85
100793,02/04/2025,397,Санкт-Петербург,email,Дом,4761.43,2,9522.86
100405,08.12.2024,211,Москва,ads,Одежда,4626.78,1,4626.78
102103,02.10.2024,1067,Санкт-Петербург,organic,Электроника,3099.21,1,3099.21
101362,2024-02-01 22:30:11,703,Москва,organic,Красота,3823.6,2,7647.2
100431,2024/11/13,226,Москва,social,Книги,1478.43,2,2956.86
101888,2025/01/18,970,Москва,social,Спорт,935.15,1,935.15
101388,01.01.2025,713,Москва,organic,Спорт,1456.41,1,1456.41
102318,01/16/2024,1179,Москва,organic,Книги,1207.62,2,2415.24
100340,2024/11/24,176,Екатеринбург,referral,Одежда,5724.0,3,17172.0
100993,2024/12/26,500,Новосибирск,ads,Электроника,13477.29,1,13477.29
101085,2024/09/26,547,Новосибирск,social,Одежда,4491.95,1,4491.95
102315,2024-11-28 19:00:18,1176,Казань,referral,Книги,1307.57,1,1307.57
100554,2024/11/22,284,Казань,organic,Спорт,6541.53,1,6541.53
100381,17.07.2024,197,Санкт-Петербург,social,Красота,3175.58,2,6351.16
101418,2024-04-04 16:03:16,731,Казань,referral,Одежда,1267.86,4,5071.44
100470,2024-11-06 21:02:12,243,Новосибирск,ads,Красота,1881.31,1,1881.31
101590,2024-12-09 14:49:04,820,Краснодар,email,Спорт,6096.9,1,6096.9
102313,2024/09/03,1175,Екатеринбург,email,Одежда,3777.85,1,3777.85
102147,07/27/2024,1093,Краснодар,organic,Книги,638.62,2,1277.24
102026,2024/12/10,1033,Краснодар,ads,Электроника,13950.69,1,13950.69
100029,2024-09-27 12:57:58,17,Москва,email,Книги,763.39,1,763.39
101546,2025-02-21 08:53:23,795,Екатеринбург,ads,Красота,1752.16,1,1752.16
101505,12.12.2024,775,Москва,organic,Электроника,14081.41,1,14081.41
101645,03/03/2024,851,Казань,organic,Книги,1388.69,1,1388.69
100951,2024/11/27,478,Москва,ads,Красота,3472.63,2,6945.26
101909,01/29/2025,979,Новосибирск,organic,Одежда,5386.47,1,5386.47
100468,20.01.2024,242,Екатеринбург,organic,Книги,1133.9,1,1133.9
101217,06/03/2025,624,Москва,organic,Спорт,2858.09,5,14290.45
101804,2024/12/04,929,Краснодар,referral,Красота,2993.09,1,2993.09
101224,04/25/2024,629,Санкт-Петербург,social,Одежда,1279.04,5,6395.2
101908,25.12.2024,979,Санкт-Петербург,social,Книги,437.39,1,437.39
102129,13.01.2025,1080,Новосибирск,social,Электроника,6641.17,3,19923.51
101714,05.01.2025,884,Новосибирск,social,Книги,762.59,1,762.59
101367,2025/04/12,704,Краснодар,social,Дом,3230.26,1,3230.26
101896,2024/10/30,975,Казань,ads,Одежда,4866.98,1,4866.98
101009,21.02.2024,506,,referral,Спорт,4680.49,3,14041.47
101535,07.11.2024,789,Казань,referral,Электроника,9373.32,2,18746.64
102253,12/17/2024,1142,Казань,ads,Одежда,2124.78,1,2124.78
100038,2024/07/20,20,Казань,referral,Красота,3709.38,2,7418.76
100494,06/04/2025,253,Казань,social,Красота,2178.01,5,10890.05
100439,18.03.2025,228,Новосибирск,organic,Электроника,18857.94,3,56573.82
100498,03.12.2024,256,Казань,social,Спорт,11667.07,4,46668.28
100314,2024-09-28 12:15:06,162,Новосибирск,social,Одежда,2928.26,1,2928.26
101917,07.12.2024,982,Екатеринбург,referral,Книги,2213.73,1,2213.73
100828,01/29/2025,419,Москва,referral,Красота,3567.05,2,7134.1
100013,2024-06-14 20:59:33,8,Казань,referral,Книги,1639.73,1,1639.73
102002,02/27/2025,1027,Санкт-Петербург,ads,Спорт,11925.06,2,23850.12
100590,2024/11/29,296,Санкт-Петербург,organic,Одежда,4551.3,1,4551.3
101748,2025/06/11,900,Казань,organic,Красота,805.22,2,1610.44
101718,25.01.2025,886,Казань,ads,Красота,4937.88,1,4937.88
100551,07/03/2024,283,Новосибирск,referral,Красота,3180.38,1,3180.38
100633,15.01.2024,322,Казань,organic,Электроника,5180.33,1,5180.33
101030,2025-03-28 17:40:53,517,Санкт-Петербург,referral,Электроника,3823.2,2,7646.4
100888,2024/11/26,443,Казань,organic,Книги,1897.19,2,3794.38
100228,2024/05/23,107,Москва,organic,Красота,4524.02,1,4524.02
100421,2025-02-11 21:55:42,221,,ads,Дом,7913.81,1,7913.81
102365,07.04.2025,1199,Екатеринбург,referral,Красота,3623.48,1,3623.48
101136,03/25/2025,572,Краснодар,email,Спорт,6878.59,2,13757.18
101617,01/08/2024,836,Краснодар,organic,Книги,615.07,3,1845.21
100079,06/10/2025,37,Новосибирск,organic,Дом,1369.41,2,2738.82
100744,2025/05/19,376,Москва,referral,Одежда,4711.1,1,4711.1
101947,2024/03/05,1001,Новосибирск,referral,Книги,1256.55,1,1256.55
100897,02.11.2024,449,Санкт-Петербург,email,Одежда,3838.5,1,3838.5
100806,2025-04-27 21:10:10,402,Казань,organic,Одежда,4510.62,1,4510.62
100242,02/15/2024,115,,email,Красота,3457.59,1,3457.59
101919,02/25/2025,983,Казань,social,Дом,5205.51,1,5205.51
100174,12/16/2024,83,Екатеринбург,social,Книги,1305.91,1,1305.91
102066,05/07/2025,1049,Краснодар,organic,Спорт,9802.25,2,19604.5
101817,16.11.2024,935,Москва,referral,Дом,5368.08,2,10736.16
102029,2025/05/17,1034,Москва,ads,Дом,4687.51,1,4687.51
100808,2024-08-09 08:53:40,404,Новосибирск,referral,Красота,558.45,2,1116.9
101631,06/10/2025,845,Москва,organic,Красота,3642.78,1,3642.78
101231,09/18/2024,633,Краснодар,organic,Дом,3029.41,3,9088.23
101925,2024/11/28,987,Новосибирск,referral,Дом,3189.27,1,3189.27
101561,05/30/2024,803,Казань,email,Одежда,2912.4,2,5824.8
100559,2024-08-29 20:33:55,284,Екатеринбург,organic,Дом,6558.81,1,6558.81
100846,2024-12-28 11:59:36,427,Краснодар,referral,Красота,1024.48,1,1024.48
102295,21.12.2024,1167,Казань,email,Одежда,2360.45,1,2360.45
101222,2025/02/17,627,Москва,organic,Одежда,955.9,1,955.9
100852,05.12.2024,429,Краснодар,organic,Одежда,3374.13,2,6748.26
100251,2024/03/27,121,Москва,ads,Красота,3647.55,1,3647.55
100612,2025/06/03,312,Казань,ads,Спорт,11184.27,1,11184.27
101430,02/24/2024,739,Москва,social,Красота,4644.63,1,4644.63
100322,2025/02/01,165,Казань,email,Красота,4605.2,1,4605.2
102134,04/07/2025,1084,Екатеринбург,email,Спорт,8923.48,1,8923.48
101160,2024-12-02 15:59:35,589,Екатеринбург,referral,Книги,2119.34,1,2119.34
101605,2024-04-21 20:50:05,828,Екатеринбург,ads,Одежда,4425.05,2,8850.1
100458,03/06/2025,233,Краснодар,organic,Одежда,876.57,1,876.57
101232,2025-01-09 08:34:08,634,Санкт-Петербург,email,Дом,6224.52,1,6224.52
102054,2025/03/23,1043,Краснодар,ads,Спорт,8409.31,1,8409.31
101836,2024/08/04,947,Санкт-Петербург,organic,Красота,820.09,2,1640.18
101024,2024-05-22 19:29:17,512,Санкт-Петербург,referral,Спорт,1181.74,4,4726.96
100046,31.05.2025,21,Краснодар,email,Дом,7625.3,3,22875.9
101622,2024-08-10 18:37:11,839,Екатеринбург,ads,Одежда,3103.07,2,6206.14
102097,02/28/2024,1065,Екатеринбург,social,Дом,-6144.94,1,-6144.94
102212,2024/12/24,1120,Екатеринбург,ads,Дом,7861.12,1,7861.12
100843,2025-06-16 20:54:45,425,Санкт-Петербург,email,Дом,5053.8,2,10107.6
102228,2024/09/01,1128,Краснодар,organic,Дом,5387.79,1,5387.79
102330,2025-04-28 13:25:53,1186,Екатеринбург,ads,Книги,1701.35,1,1701.35
101995,2024/03/11,1025,Санкт-Петербург,email,Спорт,1953.84,1,1953.84
101433,2024-10-18 20:33:37,739,Новосибирск,email,Книги,1312.64,2,2625.28
101381,12/18/2024,711,Санкт-Петербург,social,Спорт,4992.32,1,4992.32
100929,01/21/2025,466,Казань,organic,Одежда,2213.5,1,2213.5
100471,2025-05-16 19:37:16,244,Екатеринбург,ads,Книги,1711.85,1,1711.85
101201,2024/11/21,614,Новосибирск,referral,Красота,2640.39,1,2640.39
100280,04/30/2024,139,Екатеринбург,social,Одежда,4698.84,3,14096.52
101805,10/04/2024,930,Москва,email,Одежда,3070.25,1,3070.25
102220,2025-04-23 13:46:29,1126,Казань,organic,Одежда,1304.78,3,3914.34
101746,08/20/2024,900,Новосибирск,social,Книги,1865.03,2,3730.06
100913,22.05.2024,457,Екатеринбург,referral,Дом,6895.4,1,6895.4
101134,2025-04-23 13:36:24,571,Екатеринбург,organic,Красота,3303.12,1,3303.12
101533,2025-06-01 08:49:14,788,Екатеринбург,ads,Дом,4347.35,4,17389.4
101800,2024/03/27,929,Санкт-Петербург,ads,Красота,1504.47,1,1504.47
101208,2024-04-25 20:32:54,619,Казань,email,Книги,502.72,1,502.72
100464,23.11.2024,238,Новосибирск,ads,Спорт,1732.84,2,3465.68
100410,12/04/2024,214,Санкт-Петербург,social,Электроника,17544.41,1,17544.41
101705,28.06.2024,881,Казань,referral,Дом,7875.51,4,31502.04
100324,12/18/2024,166,Казань,social,Электроника,20286.4,3,60859.2
102182,2024/10/24,1108,Новосибирск,referral,Красота,4610.62,2,9221.24
101793,2024-07-26 14:31:00,924,Екатеринбург,email,Одежда,1584.35,1,1584.35
100057,2024/06/16,24,Казань,email,Красота,3704.44,42,155586.48
100668,18.09.2024,342,Екатеринбург,ads,Электроника,23015.36,1,23015.36
100318,11/03/2024,162,Казань,ads,Дом,2196.82,1,2196.82
100941,07.01.2025,473,Новосибирск,referral,Электроника,24376.97,1,24376.97
102021,2024-05-22 13:06:35,1032,Краснодар,email,Электроника,6508.35,1,6508.35
100628,18.01.2024,319,Новосибирск,social,Электроника,5564.44,1,5564.44
102348,2025-05-08 11:43:17,1191,Екатеринбург,organic,Одежда,3276.44,2,6552.88
101747,02/26/2025,900,Москва,email,Книги,1560.79,3,4682.37
101432,11/21/2024,739,Новосибирск,referral,Электроника,24826.19,1,24826.19
100250,2025/02/01,120,Новосибирск,social,Книги,2425.02,1,2425.02
101600,14.05.2025,826,Москва,ads,Дом,617.24,1,617.24
102155,2024-02-02 22:55:54,1095,,ads,Одежда,961.66,2,1923.32
101247,2024/04/10,641,Казань,social,Электроника,15987.55,2,31975.1
100007,2024-08-12 21:49:49,4,Санкт-Петербург,organic,Одежда,1649.69,1,1649.69
101735,11/09/2024,893,Санкт-Петербург,email,Спорт,4053.82,2,8107.64
102280,2025-02-15 20:54:38,1157,Москва,,Электроника,17274.83,1,17274.83
101332,2024/11/13,688,Санкт-Петербург,organic,Красота,4564.67,1,4564.67
102098,12/13/2024,1065,Екатеринбург,social,Книги,1652.53,4,6610.12
102104,11.01.2024,1068,Москва,social,Красота,1459.25,1,1459.25
101698,2024/06/13,877,Санкт-Петербург,email,Электроника,18285.44,2,36570.88
101770,11/13/2024,911,Санкт-Петербург,referral,Электроника,7795.26,2,15590.52
102109,12/23/2024,1072,Екатеринбург,organic,Книги,1246.0,1,1246.0
101789,2024-09-16 08:43:52,921,,social,Спорт,4490.76,1,4490.76
101037,2025-03-07 13:56:48,522,Санкт-Петербург,ads,Дом,5399.24,1,5399.24
101555,12/05/2024,798,Краснодар,social,Спорт,10526.25,2,21052.5
100610,11/02/2024,310,Екатеринбург,referral,Одежда,5164.52,2,10329.04
102234,2024-12-02 11:24:51,1131,Екатеринбург,social,Дом,5975.85,1,5975.85
102290,12/31/2024,1164,Казань,referral,Дом,6532.22,2,13064.44
100659,2025-05-12 14:27:41,335,Санкт-Петербург,ads,Одежда,4944.63,1,4944.63
100765,02/27/2024,385,Москва,social,Книги,1677.61,1,1677.61
101915,12.11.2024,980,Казань,referral,Одежда,3228.86,1,3228.86
101448,2024/12/05,749,Санкт-Петербург,social,Электроника,8881.27,1,8881.27
100710,2024/12/24,363,Новосибирск,ads,Книги,2299.95,1,2299.95
100857,21.06.2024,430,Москва,organic,Спорт,11439.5,1,11439.5
101981,01.05.2025,1022,Краснодар,organic,Красота,1476.57,1,1476.57
100141,04.03.2025,66,Екатеринбург,organic,Дом,6335.93,1,6335.93
100368,2024/01/03,191,Казань,social,Электроника,5143.61,2,10287.22
101221,24.11.2024,627,Екатеринбург,organic,Дом,5131.66,3,15394.98
101390,2024-12-05 19:44:25,714,Екатеринбург,organic,Книги,1209.16,1,1209.16
100729,06/12/2025,368,Москва,ads,Книги,1922.53,1,1922.53
100446,2024/07/07,230,Краснодар,organic,Книги,2424.16,1,2424.16
100956,06/15/2024,480,Краснодар,referral,Спорт,5540.73,1,5540.73
102350,2024-12-19 18:45:37,1192,Москва,organic,Дом,7315.32,1,7315.32
101235,2025/01/06,636,Санкт-Петербург,,Книги,2191.84,1,2191.84
100330,2024-10-07 15:32:25,168,Краснодар,organic,Электроника,23196.68,2,46393.36
101595,06.12.2024,824,Краснодар,social,Книги,1164.98,1,1164.98
101463,2024-10-07 22:34:26,754,Казань,referral,Электроника,12460.24,4,49840.96
101339,2025-05-15 22:01:20,691,,ads,Книги,821.44,3,2464.32
102151,2024-09-08 19:09:50,1093,Новосибирск,social,Книги,1933.5,1,1933.5
101158,10/18/2024,587,Краснодар,ads,Книги,1177.08,1,1177.08
101091,22.04.2024,551,Казань,social,Книги,2226.37,1,2226.37
102004,02.12.2024,1029,Новосибирск,social,Электроника,15581.52,1,15581.52
100932,2024/11/21,469,Москва,,Электроника,4437.02,1,4437.02
100160,2024-11-16 16:24:58,75,,referral,Спорт,4252.56,1,4252.56
101743,21.04.2024,898,Новосибирск,organic,Электроника,16429.21,3,49287.63
101161,18.04.2025,589,Краснодар,email,Дом,3097.75,1,3097.75
101883,2024-07-01 19:56:57,968,Новосибирск,organic,Книги,1657.95,2,3315.9
102177,2024/02/03,1105,Краснодар,email,Красота,4280.64,1,4280.64
100055,2024-03-11 18:02:48,23,Санкт-Петербург,ads,Электроника,24997.97,1,24997.97
100840,28.11.2024,423,Екатеринбург,email,Электроника,13052.22,2,26104.44
102254,2024/12/27,1143,Екатеринбург,referral,Электроника,10863.09,1,10863.09
100702,02/18/2025,359,Екатеринбург,social,Одежда,4210.17,1,4210.17
100145,04/28/2025,66,Новосибирск,social,Одежда,1515.52,1,1515.52
101863,11/10/2024,957,Санкт-Петербург,ads,Одежда,1240.14,1,1240.14
100970,2024-12-12 15:39:38,487,Санкт-Петербург,social,Одежда,4230.27,2,8460.54
100522,2024-11-23 12:16:50,270,Екатеринбург,referral,Спорт,1214.06,1,1214.06
100166,2024-08-18 16:57:18,79,Екатеринбург,ads,Одежда,-2381.45,1,-2381.45
102209,12/11/2024,1119,Екатеринбург,social,Одежда,4123.29,1,4123.29
100463,19.11.2024,237,Екатеринбург,organic,Дом,4885.23,1,4885.23
101941,2025/01/12,997,Москва,social,Электроника,24504.96,1,24504.96
102301,2024-10-22 11:12:49,1170,Санкт-Петербург,email,Красота,4353.37,1,4353.37
100400,02.01.2025,209,Краснодар,social,Дом,7084.14,1,7084.14
101643,2025/01/02,851,Санкт-Петербург,ads,Одежда,2232.4,1,2232.4
102211,2025/04/19,1119,Краснодар,referral,Красота,2853.85,1,2853.85
100479,2024/11/07,248,Казань,social,Электроника,14387.41,5,71937.05
100690,04/18/2024,351,Краснодар,email,Спорт,4921.21,4,19684.84
101466,10/26/2024,756,Санкт-Петербург,ads,Красота,3762.68,1,3762.68
100915,2024-12-22 22:45:52,459,Новосибирск,,Одежда,3021.1,1,3021.1
101248,02/10/2024,641,Казань,social,Спорт,9912.7,2,19825.4
101702,2025/01/01,880,Новосибирск,ads,Одежда,3804.77,3,11414.31
100418,2024-11-19 16:07:33,219,Новосибирск,ads,Книги,2228.89,1,2228.89
101046,2024-09-30 16:32:06,529,Екатеринбург,email,Дом,7017.28,1,7017.28
102250,2024-12-26 09:03:53,1139,Казань,ads,Электроника,21838.95,3,65516.85
102333,06/12/2024,1186,Новосибирск,referral,Спорт,10293.66,2,20587.32
101771,10.07.2024,912,Санкт-Петербург,ads,Книги,860.5,1,860.5
100695,12/26/2024,354,Краснодар,email,Спорт,10705.17,1,10705.17
100854,24.06.2025,430,Краснодар,social,Дом,6182.86,1,6182.86
101554,09/18/2024,798,Казань,social,Электроника,18722.36,1,18722.36
101241,12/10/2024,639,Санкт-Петербург,organic,Книги,984.55,1,984.55
101642,27.12.2024,851,Новосибирск,organic,Одежда,4521.5,1,4521.5
100681,2024-08-28 13:38:42,345,Москва,referral,Книги,429.26,1,429.26
100161,11/28/2024,76,Москва,referral,Одежда,5981.1,1,5981.1
101322,01.11.2024,679,Санкт-Петербург,organic,Одежда,1837.51,2,3675.02
100703,2025-02-08 09:08:08,360,Санкт-Петербург,organic,Книги,1093.6,2,2187.2
100796,06/09/2024,398,,organic,Дом,6947.81,1,6947.81
101902,2024-06-16 16:13:50,978,Екатеринбург,email,Дом,5676.33,1,5676.33
100231,2024/11/10,110,Москва,ads,Красота,1109.67,1,1109.67
100382,01.12.2024,197,Москва,ads,Электроника,11298.36,1,11298.36
100630,2024-11-02 20:42:32,321,Новосибирск,organic,Электроника,4710.18,2,9420.36
100829,2024/05/31,419,Санкт-Петербург,social,Красота,3650.17,1,3650.17
100255,2025/05/22,125,Казань,referral,Книги,935.07,2,1870.14
100307,2024/11/13,157,Санкт-Петербург,ads,Одежда,4477.35,1,4477.35
101629,2025-01-08 20:46:55,843,Казань,ads,Красота,3862.65,1,3862.65
100208,2024/11/22,98,Санкт-Петербург,referral,Дом,2256.21,4,9024.84
102319,2024-12-27 08:26:41,1180,Санкт-Петербург,email,Спорт,7828.74,1,7828.74
100534,22.11.2024,275,Санкт-Петербург,organic,Книги,525.23,1,525.23
100088,2024-12-11 17:44:25,39,Екатеринбург,social,Одежда,2931.89,2,5863.78
100199,02.11.2024,94,Казань,social,Электроника,14561.15,1,14561.15
100265,15.11.2024,129,Краснодар,ads,Электроника,5190.64,2,10381.28
100644,2024-01-19 08:27:56,328,Новосибирск,email,Спорт,6404.18,1,6404.18
100293,2024/11/12,148,Екатеринбург,ads,Красота,3175.19,1,3175.19
101840,03/24/2025,951,Екатеринбург,social,Книги,2467.2,1,2467.2
100920,01/29/2025,460,Казань,referral,Дом,7960.79,1,7960.79
101701,12.06.2025,880,Санкт-Петербург,organic,Книги,333.03,1,333.03
102270,02.04.2024,1152,Новосибирск,referral,Дом,1192.05,3,3576.15
100736,05/21/2024,372,Санкт-Петербург,referral,Красота,4234.94,1,4234.94
102132,2024-02-03 11:30:34,1082,Екатеринбург,email,Книги,1627.49,3,4882.47
101052,2025-03-20 20:46:59,529,Москва,social,Электроника,10500.78,3,31502.34
101120,2025/05/05,567,Краснодар,organic,Книги,900.66,2,1801.32
101333,12/20/2024,689,Санкт-Петербург,email,Одежда,2378.32,4,9513.28
101093,09.02.2025,553,Екатеринбург,referral,Дом,4516.04,5,22580.2
101173,11/22/2024,597,Новосибирск,organic,Одежда,2073.29,2,4146.58
101149,2024-11-14 16:48:24,581,Санкт-Петербург,organic,Спорт,8745.87,3,26237.61
100850,18.11.2024,428,Екатеринбург,ads,Красота,4696.06,1,4696.06
100380,2025/03/29,197,Казань,social,Электроника,19360.74,1,19360.74
101978,12/02/2024,1019,Москва,email,Электроника,21824.93,1,21824.93
100483,02.03.2025,248,Краснодар,social,Дом,3109.48,3,9328.44
101539,2025-05-27 20:35:46,792,Москва,ads,Дом,7935.66,1,7935.66
100262,2025-01-12 15:20:37,129,Краснодар,organic,Красота,1679.84,4,6719.36
101258,17.08.2024,646,Новосибирск,ads,Красота,4966.32,1,4966.32
100110,06/17/2025,46,Новосибирск,email,Книги,395.4,2,790.8
101414,18.02.2025,729,Новосибирск,social,Спорт,3040.58,1,3040.58
101893,15.11.2024,972,Краснодар,email,Одежда,3875.34,1,3875.34
101779,2024-01-05 17:06:27,919,Москва,social,Электроника,14489.59,4,57958.36
100567,2024-11-20 18:07:45,285,Москва,social,Дом,1948.1,1,1948.1
100786,2024-03-18 09:18:53,395,Екатеринбург,ads,Одежда,3096.78,1,3096.78
100696,08/17/2024,355,Казань,social,Книги,1051.84,1,1051.84
101665,06.12.2024,864,Москва,ads,Электроника,24904.75,1,24904.75
100376,2025/03/03,194,Новосибирск,organic,Книги,1356.81,1,1356.81
100305,2024/04/23,156,Краснодар,email,Одежда,3850.37,4,15401.48
101496,2024-11-13 08:04:36,771,Санкт-Петербург,referral,Дом,6965.02,1,6965.02
100249,2024/07/10,120,Краснодар,email,Электроника,15701.65,2,31403.3
101894,2024-12-03 13:42:16,973,Краснодар,social,Книги,1889.98,2,3779.96
100379,10/21/2024,196,Новосибирск,referral,Книги,2025.48,2,4050.96
101215,01.08.2024,623,Санкт-Петербург,email,Электроника,12766.95,2,25533.9
101028,2024-01-31 10:14:06,515,Новосибирск,email,Книги,2125.75,1,2125.75
101984,12/03/2024,1022,Краснодар,social,Красота,3400.92,1,3400.92
101252,25.11.2024,641,Новосибирск,organic,Книги,1995.78,1,1995.78
101930,01/20/2024,990,,organic,Книги,1974.57,4,7898.28
101573,2024-06-17 09:38:10,810,Новосибирск,organic,Одежда,5217.64,3,15652.92
100093,2025-04-21 18:34:10,41,Новосибирск,,Спорт,3585.19,1,3585.19
102122,2024/07/21,1078,Екатеринбург,organic,Одежда,4301.14,1,4301.14
100515,2024/05/28,265,Екатеринбург,organic,Одежда,1086.33,1,1086.33
101191,2024/11/02,607,Краснодар,social,Дом,4304.7,1,4304.7
101018,11/14/2024,510,Казань,ads,Красота,3342.47,1,3342.47
101633,2024/11/21,846,Краснодар,organic,Одежда,5761.29,3,17283.87
100570,11/16/2024,287,Санкт-Петербург,email,Дом,7969.69,1,7969.69
100544,2025-01-23 18:42:03,280,Санкт-Петербург,ads,Электроника,16161.7,2,32323.4
101737,2024-12-22 12:23:31,893,Екатеринбург,email,Красота,3764.49,1,3764.49
101864,2024-07-06 11:41:06,958,Екатеринбург,ads,Одежда,1813.49,1,1813.49
101427,01/26/2025,737,Санкт-Петербург,organic,Дом,1366.52,4,5466.08
101857,26.02.2025,957,Санкт-Петербург,organic,Дом,1945.37,2,3890.74
101478,2025-06-21 21:06:23,762,Москва,referral,Одежда,4501.36,3,13504.08
102289,2025-03-24 15:39:28,1163,Санкт-Петербург,ads,Электроника,19360.4,1,19360.4
101048,2024-08-28 18:48:29,529,Москва,email,Красота,4155.35,1,4155.35
100971,2024/01/24,488,Москва,ads,Электроника,7242.6,1,7242.6
101966,2024/08/05,1012,Краснодар,social,Дом,957.47,1,957.47
101521,11/17/2024,783,Москва,organic,Дом,4260.62,2,8521.24
101327,12/18/2024,683,Москва,email,Одежда,1136.2,1,1136.2
100429,13.09.2024,225,Екатеринбург,email,Электроника,20664.73,4,82658.92
100741,20.11.2024,375,Екатеринбург,ads,Одежда,2957.67,3,8873.01
100721,2024-11-22 22:41:09,367,Краснодар,social,Дом,3512.38,2,7024.76
102052,12/06/2024,1042,Казань,organic,Красота,4393.38,1,4393.38
100129,2024/11/16,58,Казань,organic,Книги,1011.06,5,5055.3
100147,2025-03-05 17:29:04,66,Новосибирск,social,Одежда,2365.99,1,2365.99
101955,27.11.2024,1005,Москва,email,Красота,3665.9,1,3665.9
101707,2024/11/05,881,Казань,social,Дом,6048.26,3,18144.78
100631,08.04.2024,322,Санкт-Петербург,referral,Электроника,9636.21,1,9636.21
101651,2024-04-09 18:23:28,855,Санкт-Петербург,social,Книги,393.77,1,393.77
101681,11.09.2024,871,Санкт-Петербург,email,Книги,2271.33,5,11356.65
101837,2024-06-21 10:42:00,948,Казань,email,Электроника,20846.48,1,20846.48
100034,12.12.2024,19,Санкт-Петербург,organic,Красота,897.24,3,2691.72
102195,2025-02-12 12:40:44,1113,Краснодар,email,Дом,7365.04,1,7365.04
100319,06/19/2025,162,Казань,ads,Книги,434.16,1,434.16
101313,2024-11-21 13:18:45,676,Екатеринбург,social,Одежда,4044.96,2,8089.92
101750,03.01.2025,902,Екатеринбург,ads,Дом,2100.02,3,6300.06
102077,2024-11-06 18:09:30,1056,Москва,organic,Красота,4251.55,1,4251.55
100447,2024-03-06 15:35:03,230,Новосибирск,social,Одежда,1667.93,1,1667.93
100076,10/02/2024,36,Казань,email,Электроника,24990.59,2,49981.18
101687,20.01.2025,874,,social,Книги,706.36,1,706.36
100613,2024-12-12 19:30:57,312,Санкт-Петербург,social,Книги,1902.8,4,7611.2
100634,31.05.2025,322,Новосибирск,organic,Красота,853.95,1,853.95
100241,2025-03-04 20:23:44,115,Москва,ads,Книги,1414.55,4,5658.2
101253,2024-08-21 12:06:58,642,Краснодар,email,Книги,1484.12,3,4452.36
102331,12/06/2024,1186,Санкт-Петербург,referral,Спорт,11794.75,1,11794.75
101596,2024-08-15 11:34:57,825,Екатеринбург,email,Дом,6421.51,3,19264.53
100922,12.08.2024,462,Москва,referral,Спорт,6654.49,2,13308.98
100618,2025-03-10 14:08:53,314,Санкт-Петербург,ads,Дом,1728.43,2,3456.86
102202,2024-10-06 12:18:30,1116,Казань,ads,Спорт,8362.76,1,8362.76
102243,2024/03/17,1135,Казань,referral,Одежда,4536.73,1,4536.73
102278,2025-02-12 10:07:59,1156,,referral,Спорт,1595.79,1,1595.79
102283,27.02.2025,1158,Санкт-Петербург,referral,Спорт,4405.31,1,4405.31
101076,2025/05/13,542,Казань,,Дом,1741.94,1,1741.94
102206,2024-12-17 14:03:21,1117,Новосибирск,ads,Дом,623.33,1,623.33
102076,04.09.2024,1055,Новосибирск,ads,Электроника,15907.32,3,47721.96
100015,18.06.2024,8,,ads,Одежда,1467.64,1,1467.64
100164,2025-02-23 09:08:20,78,Новосибирск,email,Красота,3706.8,1,3706.8
101487,2024-05-11 21:41:37,764,Краснодар,ads,Спорт,7375.33,2,14750.66
100884,2024-11-14 09:58:31,440,Санкт-Петербург,referral,Спорт,4706.22,1,4706.22
101756,03/26/2024,905,Москва,social,Электроника,22568.63,1,22568.63
101082,2025-06-17 21:35:42,544,Краснодар,organic,Электроника,12534.31,4,50137.24
101670,11/09/2024,867,,email,Книги,1122.36,4,4489.44
100122,2024/07/28,53,,referral,Спорт,11824.24,1,11824.24
100539,2024-11-28 08:04:30,277,Екатеринбург,email,Красота,1919.51,3,5758.53
101528,20.12.2024,787,,social,Спорт,3726.13,1,3726.13
100527,2024-06-18 14:11:38,273,Екатеринбург,referral,Электроника,10461.35,1,10461.35
100964,01.12.2024,484,Москва,social,Книги,649.92,1,649.92
102162,26.05.2024,1097,Новосибирск,social,Одежда,856.95,2,1713.9
100772,13.02.2024,390,Краснодар,ads,Одежда,1345.21,3,4035.63
100178,30.04.2025,83,Екатеринбург,social,Электроника,3856.11,2,7712.22
101425,2025/02/17,736,Казань,social,Красота,3869.59,1,3869.59
101437,2024/03/22,742,Новосибирск,referral,Одежда,5609.07,1,5609.07
101983,2024-11-28 21:14:57,1022,Казань,organic,Дом,6406.43,5,32032.15
101100,2025/01/13,558,Санкт-Петербург,organic,Электроника,11741.67,1,11741.67
101650,2025/02/26,854,Москва,email,Электроника,3852.07,1,3852.07
100766,2024-01-11 15:50:27,386,Екатеринбург,organic,Одежда,5295.83,2,10591.66
101959,2024-12-15 21:34:07,1007,Казань,ads,Красота,536.55,1,536.55
101096,11/04/2024,556,Санкт-Петербург,social,Электроника,4625.59,2,9251.18
100737,08/26/2024,373,Краснодар,referral,Книги,1761.91,1,1761.91
100434,2025/01/15,227,Новосибирск,ads,Книги,2407.58,3,7222.74
101586,2024-01-17 10:57:58,818,Екатеринбург,organic,Книги,935.37,1,935.37
100488,2024/12/14,249,Екатеринбург,social,Дом,6325.79,1,6325.79
100851,2024-11-20 13:19:32,428,Екатеринбург,social,Спорт,8383.78,1,8383.78
101067,2024-09-23 13:20:07,541,Новосибирск,email,Спорт,8317.39,2,16634.78
101075,2024/11/14,542,Москва,referral,Спорт,4299.93,1,4299.93
101726,2025-01-23 09:21:01,891,Новосибирск,email,Дом,7575.94,4,30303.76
101897,2025-02-15 08:06:48,976,Казань,referral,Книги,1217.74,1,1217.74
102121,11/07/2024,1078,Новосибирск,ads,Красота,4721.21,1,4721.21
101026,05/23/2024,513,Москва,email,Красота,2990.48,1,2990.48
100098,09.01.2025,42,Екатеринбург,,Одежда,1844.13,2,3688.26
100395,03.08.2024,206,Новосибирск,social,Книги,1504.56,1,1504.56
101285,06/30/2024,657,Москва,ads,Красота,4142.73,3,12428.19
100453,08/24/2024,232,Казань,email,Электроника,19849.12,2,39698.24
102300,2024-07-27 20:28:18,1169,Краснодар,ads,Красота,3117.67,3,9353.01
100205,11/01/2024,96,Санкт-Петербург,ads,Одежда,5141.07,2,10282.14
102223,07/09/2024,1126,Краснодар,organic,Электроника,11233.62,1,11233.62
101630,04/21/2025,844,Екатеринбург,ads,Электроника,8836.85,1,8836.85
100111,2024/03/23,47,Казань,social,Спорт,8750.13,1,8750.13
101795,2025/06/08,925,Казань,referral,Красота,2212.41,1,2212.41
101874,2024-03-10 20:37:51,964,Москва,email,Электроника,5795.23,1,5795.23
101306,2024-05-13 15:20:39,672,,organic,Дом,4014.35,3,12043.05
100486,11/18/2024,248,Казань,email,Дом,6397.76,1,6397.76
100139,18.06.2024,64,Новосибирск,social,Красота,3947.05,3,11841.15
101499,2024/12/20,773,Москва,referral,Красота,2248.99,3,6746.97
100784,2024-10-29 13:14:37,395,Новосибирск,social,Книги,486.47,2,972.94
101811,2024-11-01 16:41:43,931,Новосибирск,social,Электроника,12961.71,1,12961.71
102070,21.01.2025,1051,Екатеринбург,ads,Дом,1520.8,1,1520.8
100465,2025/03/25,239,Краснодар,ads,Книги,2034.84,2,4069.68
101288,03.11.2024,659,,organic,Красота,2219.15,2,4438.3
101832,01/14/2024,944,Санкт-Петербург,email,Электроника,17370.43,1,17370.43
101729,10/28/2024,892,Санкт-Петербург,email,Одежда,3035.46,1,3035.46
101571,12/03/2024,809,Санкт-Петербург,organic,Книги,1838.42,2,3676.84
100321,22.11.2024,164,Казань,referral,Одежда,5855.26,3,17565.78
101732,11/05/2024,892,Краснодар,referral,Спорт,10235.99,1,10235.99
102179,2025-05-11 14:38:51,1106,Казань,referral,Дом,6737.38,1,6737.38
102174,2024-11-13 08:01:00,1103,,referral,Одежда,3936.24,2,7872.48
101364,2024-12-27 15:26:11,703,Казань,,Одежда,1138.82,2,2277.64
101769,16.12.2024,911,Екатеринбург,referral,Красота,4830.63,1,4830.63
101673,2025/05/03,867,Санкт-Петербург,organic,Книги,2375.19,2,4750.38
101774,01/07/2024,915,Екатеринбург,social,Одежда,4931.81,2,9863.62
101467,2024-11-28 09:54:59,757,,organic,Дом,2821.19,1,2821.19
102287,2024-03-19 12:56:30,1162,Краснодар,organic,Книги,1482.27,31,45950.37
101646,2024-04-19 12:55:10,852,Санкт-Петербург,referral,Одежда,1457.71,1,1457.71
101998,04/01/2025,1026,Казань,organic,Книги,897.51,2,1795.02
100926,2024/11/16,464,Новосибирск,email,Одежда,1210.77,1,1210.77
100641,2024-12-16 11:40:08,328,Москва,organic,Книги,913.56,2,1827.12
100844,04.12.2024,425,Санкт-Петербург,ads,Электроника,9629.66,2,19259.32
100619,2024/12/03,314,Новосибирск,ads,Дом,4059.6,3,12178.8
100818,2024/10/22,412,Екатеринбург,ads,Электроника,14459.2,5,72296.0
100042,22.11.2024,20,Санкт-Петербург,organic,Красота,790.06,1,790.06
100442,20.09.2024,228,Казань,social,Дом,3207.22,1,3207.22
100775,27.06.2024,393,Москва,ads,Дом,1806.1,3,5418.3
100648,2024/12/23,329,Новосибирск,organic,Книги,399.26,3,1197.78
100266,09.12.2024,130,Москва,email,Дом,1692.33,4,6769.32
102360,2024-10-17 09:45:15,1198,Екатеринбург,ads,Одежда,4135.36,1,4135.36
101157,2025/03/23,587,Казань,organic,Дом,4800.02,1,4800.02
101449,12/22/2024,749,Екатеринбург,social,Электроника,13921.14,1,13921.14
102344,2024-12-27 17:16:32,1189,Краснодар,organic,Спорт,2267.25,24,54414.0
101051,2024/01/27,529,Казань,ads,Электроника,14914.08,1,14914.08
100694,2024-11-13 17:08:22,353,Екатеринбург,social,Электроника,9568.03,3,28704.09
101276,06/07/2024,655,Новосибирск,organic,Одежда,5481.2,1,5481.2
101121,27.04.2025,567,Новосибирск,social,Книги,2111.32,3,6333.96
100198,17.01.2025,93,Санкт-Петербург,social,Одежда,3286.55,1,3286.55
100542,21.03.2025,279,Санкт-Петербург,organic,Красота,3118.46,2,6236.92
100229,2025/02/10,108,Новосибирск,email,Электроника,10493.04,2,20986.08
100508,18.05.2024,262,Новосибирск,social,Книги,548.98,2,1097.96
100373,07.10.2024,192,Санкт-Петербург,email,Книги,2315.0,2,4630.0
101183,11/21/2024,603,Казань,organic,Электроника,10532.07,1,10532.07
102256,2024-03-06 11:26:12,1145,Казань,,Дом,6654.37,3,19963.11
100709,21.10.2024,363,Казань,ads,Спорт,8581.91,1,8581.91
100114,2024-06-05 15:04:05,48,Москва,email,Дом,5488.31,1,5488.31
101859,24.05.2024,957,Москва,ads,Одежда,3746.18,3,11238.54
100684,2024/10/14,347,Казань,referral,Одежда,3395.9,5,16979.5
102001,2024-11-19 18:07:20,1026,Санкт-Петербург,email,Книги,1488.11,1,1488.11
101457,2025/01/04,753,Москва,organic,Спорт,1134.47,1,1134.47
101299,09/20/2024,666,Екатеринбург,ads,Красота,1202.02,5,6010.1
100390,18.12.2024,202,Екатеринбург,email,Красота,1925.89,1,1925.89
100692,03/13/2024,353,Екатеринбург,ads,Дом,2923.78,1,2923.78
100861,04/06/2024,431,Екатеринбург,social,Книги,2472.17,1,2472.17
102160,2024/06/28,1097,Екатеринбург,referral,Одежда,4049.48,1,4049.48
100565,2024/09/04,285,Краснодар,ads,Спорт,5910.53,2,11821.06
100153,2025/04/29,71,Екатеринбург,organic,Книги,1176.09,3,3528.27
100271,2024/05/06,133,Санкт-Петербург,ads,Одежда,1250.78,1,1250.78
102068,11/11/2024,1051,Краснодар,social,Красота,2511.49,1,2511.49
101359,2024-04-19 21:01:39,702,Москва,referral,Красота,4343.85,1,4343.85
102166,06/06/2025,1101,Новосибирск,ads,Красота,1651.1,3,4953.3
101177,09/23/2024,599,Краснодар,referral,Красота,2661.25,1,2661.25
101700,05/30/2025,879,Москва,organic,Электроника,5030.6,4,20122.4
101829,2024/02/28,944,Санкт-Петербург,referral,Одежда,4618.11,1,4618.11
100171,01/14/2025,82,Москва,referral,Дом,7815.31,1,7815.31
101083,19.07.2024,545,Краснодар,email,Книги,1127.66,4,4510.64
100282,02.11.2024,141,Москва,email,Электроника,22673.91,2,45347.82
100030,2024-12-18 19:27:35,18,Москва,organic,Электроника,3078.01,2,6156.02
102053,12/26/2024,1043,Москва,email,Спорт,7507.85,2,15015.7
100362,09/11/2024,188,Санкт-Петербург,social,Красота,3622.67,1,3622.67
100673,2024/11/23,344,Санкт-Петербург,social,Книги,1808.66,2,3617.32
100245,04/11/2025,118,Москва,email,Красота,1051.71,1,1051.71
100146,08/08/2024,66,Москва,referral,Электроника,22928.86,1,22928.86
101594,2024/11/25,823,Екатеринбург,referral,Спорт,7131.89,1,7131.89
101527,11.09.2024,787,Казань,organic,Книги,2386.58,1,2386.58
102363,2024/03/07,1198,Казань,social,Красота,2071.11,1,2071.11
101853,2024/08/19,956,,social,Дом,2568.41,1,2568.41
100739,17.12.2024,374,Москва,referral,Книги,1569.08,1,1569.08
101582,2024-12-17 20:51:09,814,Екатеринбург,organic,Красота,681.01,3,2043.03
101189,03/16/2025,606,Краснодар,ads,Спорт,4089.56,1,4089.56
102222,12/23/2024,1126,Новосибирск,social,Спорт,4430.1,3,13290.3
101047,27.11.2024,529,Москва,referral,Красота,4772.59,1,4772.59
100777,06/24/2024,394,Краснодар,organic,Одежда,2722.13,1,2722.13
101086,08/25/2024,547,Казань,referral,Красота,4789.94,3,14369.82
100880,20.11.2024,439,Санкт-Петербург,organic,Красота,433.54,1,433.54
102245,24.05.2025,1137,Екатеринбург,email,Книги,1847.04,1,1847.04
100504,03/25/2025,259,Санкт-Петербург,email,Одежда,4740.44,1,4740.44
100769,12.11.2024,388,Москва,ads,Книги,2006.09,1,2006.09
102048,25.11.2024,1041,Санкт-Петербург,ads,Спорт,1965.05,1,1965.05
100845,2024/12/13,426,Краснодар,email,Красота,3619.58,1,3619.58
102298,2024-11-06 09:32:42,1168,Новосибирск,social,Электроника,12343.29,1,12343.29
102073,28.08.2024,1053,Новосибирск,ads,Красота,1939.2,1,1939.2
102034,08/02/2024,1036,Казань,ads,Одежда,2023.53,3,6070.59
100704,21.11.2024,360,Москва,referral,Электроника,18312.71,1,18312.71
100701,2024-09-22 09:27:34,358,Москва,email,Одежда,1762.45,2,3524.9
102051,26.12.2024,1042,Краснодар,referral,Красота,3724.86,1,3724.86
100272,2024/10/18,133,Санкт-Петербург,social,Дом,5334.65,1,5334.65
100611,2024-12-18 10:34:19,311,Москва,email,Книги,1855.7,2,3711.4
100476,05/31/2025,247,Екатеринбург,referral,Одежда,4920.8,1,4920.8
100931,2024-12-20 20:54:21,468,Санкт-Петербург,referral,Дом,5349.85,1,5349.85
101688,2024-11-15 14:36:19,874,Екатеринбург,referral,Спорт,8570.22,1,8570.22
101883,2024-07-01 19:56:57,968,Новосибирск,organic,Книги,1657.95,2,3315.9
100906,28.02.2024,453,Краснодар,referral,Спорт,10851.19,1,10851.19
101933,11/04/2024,992,,ads,Дом,1736.26,4,6945.04
101111,16.02.2025,564,Москва,social,Книги,1904.51,1,1904.51
100215,2024/11/25,102,Екатеринбург,referral,Красота,1340.76,4,5363.04
101553,2024-01-19 08:32:23,797,Екатеринбург,referral,Красота,2104.59,2,4209.18
100097,2024/12/24,42,Екатеринбург,email,Красота,3373.17,1,3373.17
100576,02.01.2025,291,Санкт-Петербург,organic,Дом,5719.12,3,17157.36
100983,05/20/2025,495,Новосибирск,organic,Спорт,1601.37,2,3202.74
100190,2024-04-01 11:34:47,89,Санкт-Петербург,email,Дом,2908.76,2,5817.52
101519,2024/04/27,781,Екатеринбург,ads,Одежда,5939.7,1,5939.7
102108,19.05.2025,1071,Санкт-Петербург,ads,Книги,1362.83,1,1362.83
100352,30.04.2024,182,Казань,ads,Спорт,10086.38,1,10086.38
102201,26.12.2024,1115,Москва,referral,Красота,948.8,1,948.8
100005,2024/07/15,3,Москва,ads,Красота,3245.19,3,9735.57
101968,12/07/2024,1014,Москва,referral,Книги,432.78,1,432.78
101871,2025-03-14 13:59:52,962,Новосибирск,email,Электроника,19149.39,1,19149.39
101154,2024-05-30 19:40:51,586,Новосибирск,social,Электроника,4683.8,1,4683.8
101556,27.05.2025,799,Санкт-Петербург,ads,Дом,4740.05,1,4740.05
102069,07/09/2024,1051,Новосибирск,email,Спорт,11788.3,3,35364.9
100040,2025/01/23,20,Новосибирск,social,Книги,580.03,1,580.03
100363,09.06.2024,189,Москва,email,Книги,420.05,2,840.1
100113,2025-02-27 15:25:26,48,Екатеринбург,email,Одежда,3036.36,3,9109.08
100360,05/13/2024,186,Новосибирск,organic,Спорт,9504.56,2,19009.12
101017,07.06.2025,509,Казань,email,Электроника,5671.74,1,5671.74
102359,12/10/2024,1197,Москва,social,Электроника,8254.53,39,321926.67
101421,2024/07/02,733,Краснодар,ads,Электроника,20002.4,1,20002.4
100283,02/06/2024,142,Санкт-Петербург,referral,Одежда,1730.6,5,8653.0
100864,2024/11/21,432,Москва,organic,Электроника,15203.88,3,45611.64
100130,2024-12-27 12:04:41,58,Казань,social,Дом,4305.03,1,4305.03
101296,01/07/2024,665,Казань,organic,Одежда,5487.9,2,10975.8
100495,11.12.2024,254,Москва,referral,Одежда,3403.38,1,3403.38
102116,2024/12/27,1076,Новосибирск,ads,Красота,2439.57,1,2439.57
100708,2024-10-01 14:56:30,362,Новосибирск,social,Спорт,7213.36,1,7213.36
101887,2024/11/08,970,Москва,referral,Спорт,10612.46,3,31837.38
100645,23.12.2024,328,Екатеринбург,email,Дом,6896.56,1,6896.56
102150,2024/12/09,1093,Санкт-Петербург,social,Книги,695.19,2,1390.38
102258,2024-10-11 11:17:42,1146,Казань,email,Одежда,958.06,2,1916.12
101178,2025/06/18,600,Краснодар,referral,Книги,378.64,1,378.64
101179,08.11.2024,600,Краснодар,,Дом,7585.94,1,7585.94
100958,03.02.2024,481,Новосибирск,social,Книги,519.34,1,519.34
100094,04/12/2025,42,Москва,ads,Красота,4825.33,2,9650.66
102080,11/06/2024,1057,Казань,social,Электроника,21382.01,4,85528.04
101269,31.01.2025,651,Екатеринбург,ads,Дом,1168.29,4,4673.16
101101,05/16/2025,558,Казань,social,Электроника,15339.48,1,15339.48
101844,17.10.2024,952,Новосибирск,social,Дом,4722.8,1,4722.8
101330,04/17/2025,686,Новосибирск,email,Красота,2023.32,1,2023.32
100105,2024/04/11,43,Москва,email,Спорт,11441.27,3,34323.81
101685,2024-03-07 10:44:16,873,Казань,social,Электроника,13341.02,2,26682.04
100986,01/23/2025,496,Москва,ads,Дом,1062.82,1,1062.82
101245,11/23/2024,641,Санкт-Петербург,social,Дом,3647.34,3,10942.02
101504,01/07/2024,775,Екатеринбург,organic,Книги,667.48,2,1334.96
100552,2025/05/25,283,Новосибирск,social,Одежда,1766.11,2,3532.22
100359,04/16/2024,186,Санкт-Петербург,social,Электроника,24594.52,3,73783.56
100066,2025/06/21,30,Санкт-Петербург,referral,Дом,5934.39,5,29671.95
102288,12/04/2024,1163,Казань,social,Одежда,5884.44,2,11768.88
101895,2024-11-23 21:10:04,974,Санкт-Петербург,ads,Одежда,1864.77,1,1864.77
101640,2025-02-08 10:59:21,850,Казань,referral,Электроника,9257.91,2,18515.82
100626,2024/12/27,319,Екатеринбург,email,Красота,4079.44,1,4079.44
100049,2025-02-28 16:29:26,21,Санкт-Петербург,email,Красота,1102.9,1,1102.9
101297,12/19/2024,665,Новосибирск,ads,Одежда,4763.32,1,4763.32
100065,11.11.2024,29,Санкт-Петербург,ads,Красота,2487.23,1,2487.23
100691,14.02.2024,352,,organic,Дом,4956.53,1,4956.53
100882,2024-12-07 22:19:59,440,Новосибирск,social,Электроника,9381.42,1,9381.42
102184,2024-07-20 09:31:22,1108,Санкт-Петербург,email,Электроника,4140.26,1,4140.26
100616,02/27/2024,312,Екатеринбург,email,Дом,5023.79,1,5023.79
100516,18.10.2024,266,Новосибирск,social,Спорт,11929.21,1,11929.21
100448,27.03.2024,231,Санкт-Петербург,referral,Электроника,5286.42,2,10572.84
100837,2024-09-29 08:42:37,421,Москва,ads,Красота,3898.45,1,3898.45
102281,30.05.2024,1157,Санкт-Петербург,referral,Спорт,7323.34,1,7323.34
101540,19.04.2024,793,Казань,social,Электроника,24939.79,1,24939.79
101695,2024/01/30,876,Санкт-Петербург,ads,Дом,4175.22,1,4175.22
101041,12/23/2024,524,Казань,ads,Спорт,8405.94,2,16811.88
101672,03.10.2024,867,Новосибирск,email,Одежда,3456.67,1,3456.67
100965,2024/11/15,484,Санкт-Петербург,ads,Красота,2900.89,5,14504.45
102282,2025-03-23 17:57:29,1157,Санкт-Петербург,referral,Красота,2752.35,4,11009.4
100969,19.01.2025,486,Санкт-Петербург,referral,Красота,751.04,2,1502.08
100944,12/23/2024,473,Москва,organic,Спорт,10578.0,2,21156.0
101744,2024-08-20 21:50:28,898,Казань,ads,Красота,4448.51,2,8897.02
100316,03/24/2024,162,Новосибирск,email,Электроника,7552.97,2,15105.94
102114,14.09.2024,1075,Санкт-Петербург,ads,Книги,1204.62,1,1204.62
100642,2024/07/02,328,Казань,social,Электроника,13958.97,1,13958.97
101678,05.09.2024,870,Москва,social,Одежда,1631.0,4,6524.0
100614,13.08.2024,312,Казань,social,Электроника,9777.81,1,9777.81
102075,2025/05/27,1054,Екатеринбург,referral,Спорт,5787.62,2,11575.24
102364,2025-06-02 17:14:03,1198,Екатеринбург,organic,Дом,3694.39,2,7388.78
101633,2024/11/21,846,Краснодар,organic,Одежда,5761.29,3,17283.87
101013,11/16/2024,507,Екатеринбург,email,Спорт,1785.28,1,1785.28
100853,06/12/2024,430,Краснодар,email,Спорт,8919.57,1,8919.57
101777,04.12.2024,917,Санкт-Петербург,social,Спорт,11811.33,3,35433.99
102023,27.09.2024,1033,Казань,ads,Спорт,7498.25,1,7498.25
100724,13.12.2024,367,Казань,social,Красота,2260.73,1,2260.73
100469,13.07.2024,242,Казань,referral,Красота,4848.95,3,14546.85
100608,2025/03/31,309,Санкт-Петербург,referral,Красота,3605.57,3,10816.71
101197,04/05/2025,611,Москва,email,Красота,2028.09,2,4056.18
101038,2024-11-26 17:57:39,522,Екатеринбург,organic,Книги,2096.88,1,2096.88
101720,11.06.2025,887,Санкт-Петербург,ads,Книги,762.2,1,762.2
100659,2025-05-12 14:27:41,335,Санкт-Петербург,ads,Одежда,4944.63,1,4944.63
101053,2024/10/21,529,Санкт-Петербург,email,Спорт,11462.95,4,45851.8
102241,18.11.2024,1134,Санкт-Петербург,email,Спорт,1088.51,2,2177.02
100858,08.11.2024,431,Краснодар,email,Книги,1254.41,1,1254.41
101916,06/03/2024,981,Казань,email,Спорт,2713.6,2,5427.2
101987,21.03.2024,1024,Санкт-Петербург,referral,Спорт,3012.95,1,3012.95
100575,10/23/2024,291,Краснодар,ads,Дом,1103.43,1,1103.43
101775,10.12.2024,916,Санкт-Петербург,email,Книги,1292.52,3,3877.56
102303,2025-01-21 14:27:04,1171,Санкт-Петербург,referral,Спорт,4961.36,1,4961.36
100521,15.11.2024,270,Казань,email,Книги,811.99,1,811.99
100449,12/28/2024,231,Новосибирск,social,Спорт,7779.23,1,7779.23
100764,03/07/2024,385,Москва,referral,Электроника,11302.69,3,33908.07
102232,18.10.2024,1131,Новосибирск,ads,Электроника,3083.16,41,126409.56
101812,2024/12/03,931,Екатеринбург,ads,Дом,7398.14,1,7398.14
101534,2024-10-09 10:29:39,789,Краснодар,referral,Книги,1441.24,3,4323.72
101411,2025-01-30 11:06:54,726,Новосибирск,,Красота,1819.07,47,85496.29
101524,2024-02-12 08:40:30,784,Новосибирск,ads,Одежда,4882.73,1,4882.73
101283,15.02.2024,657,Краснодар,referral,Книги,2168.29,1,2168.29
100780,2024-03-24 20:42:39,395,Санкт-Петербург,social,Книги,2248.84,1,2248.84
101174,2024/01/25,598,Новосибирск,organic,Дом,7125.18,1,7125.18
101764,2024/02/02,908,Москва,organic,Электроника,3066.09,1,3066.09
101227,2024/11/04,630,Санкт-Петербург,referral,Одежда,1976.36,1,1976.36
101502,11/19/2024,774,Санкт-Петербург,organic,Одежда,4637.73,1,4637.73
102296,2024/11/03,1168,Новосибирск,ads,Электроника,23828.15,4,95312.6
100801,06.02.2025,401,Екатеринбург,social,Красота,1243.84,1,1243.84
100625,25.11.2024,318,Казань,referral,Дом,4472.09,4,17888.36
102085,2024/12/24,1060,Москва,social,Дом,2450.82,1,2450.82
102362,2024-06-28 15:47:19,1198,Москва,ads,Дом,3028.51,5,15142.55
101620,11/11/2024,837,Новосибирск,social,Книги,1681.02,1,1681.02
100669,02/20/2025,343,Новосибирск,email,Одежда,5562.63,2,11125.26
101218,12/29/2024,625,,referral,Спорт,5223.48,3,15670.44
100591,07/23/2024,297,Москва,email,Электроника,8216.6,1,8216.6
101602,2024-12-07 12:50:02,826,Екатеринбург,ads,Спорт,2562.41,1,2562.41
100490,25.04.2024,250,Екатеринбург,organic,Одежда,4740.22,3,14220.66
100745,2024-08-27 08:17:35,377,Санкт-Петербург,social,Спорт,1439.68,1,1439.68
101980,03/07/2024,1021,Краснодар,referral,Одежда,3871.37,2,7742.74
100532,21.12.2024,275,Санкт-Петербург,referral,Электроника,5268.26,2,10536.52
101522,2024/09/08,783,Краснодар,social,Книги,407.48,2,814.96
100868,09/18/2024,433,Новосибирск,organic,Красота,3262.64,1,3262.64
101869,2024-06-05 11:00:08,961,Санкт-Петербург,referral,Одежда,1845.42,1,1845.42
100354,2024-04-23 18:31:09,183,Казань,organic,Электроника,3280.49,1,3280.49
102130,2024-12-24 19:17:04,1080,Москва,social,Книги,391.22,2,782.44
100279,2024/12/21,139,Санкт-Петербург,referral,Красота,452.21,1,452.21
100041,11/25/2024,20,Краснодар,ads,Электроника,9685.25,1,9685.25
100401,2024-05-23 11:16:46,209,Краснодар,organic,Электроника,21519.45,3,64558.35
101439,10/05/2024,743,,social,Одежда,5037.65,1,5037.65
101937,21.10.2024,994,Краснодар,social,Спорт,10083.93,5,50419.65
101773,2025-02-27 11:00:09,914,Москва,email,Электроника,17018.55,4,68074.2
100345,15.01.2024,178,Москва,organic,Электроника,14743.22,2,29486.44
101500,2024-12-07 14:35:01,773,Москва,social,Дом,4035.38,1,4035.38
101565,2025-02-04 14:04:03,805,Новосибирск,social,Красота,4320.16,1,4320.16
100244,12/19/2024,117,Москва,organic,Красота,3107.51,1,3107.51
100432,16.11.2024,227,Екатеринбург,ads,Дом,3151.53,3,9454.59
101355,05/02/2024,698,Санкт-Петербург,ads,Одежда,2500.7,1,2500.7
100388,08.01.2024,201,Краснодар,email,Электроника,23860.66,1,23860.66
100466,28.10.2024,240,Казань,referral,Электроника,13676.65,1,13676.65
100332,07.08.2024,170,Екатеринбург,email,Спорт,1261.06,3,3783.18
102355,29.03.2024,1195,Краснодар,organic,Дом,6404.03,1,6404.03
100306,06/10/2024,157,Краснодар,referral,Дом,2763.24,1,2763.24
100706,11/04/2024,361,Новосибирск,email,Одежда,2333.12,3,6999.36
101270,2025/03/16,651,Новосибирск,ads,Электроника,9846.3,1,9846.3
100048,09.12.2024,21,Санкт-Петербург,email,Электроника,18697.99,1,18697.99
100351,2024/11/04,181,Казань,social,Одежда,4415.0,2,8830.0
100564,2024/10/06,285,Краснодар,social,Красота,2027.61,3,6082.83
101630,04/21/2025,844,Екатеринбург,ads,Электроника,8836.85,1,8836.85
101949,2024-07-11 21:24:31,1002,Краснодар,email,Электроника,10837.29,2,21674.58
101426,2024-12-05 20:02:13,737,Казань,referral,Красота,2263.91,1,2263.91
101039,2024-03-23 15:08:17,522,Москва,organic,Спорт,7459.07,2,14918.14
101872,06.11.2024,963,Москва,organic,Спорт,7589.3,1,7589.3
101537,2024-02-19 11:15:37,790,Краснодар,ads,Красота,4441.54,1,4441.54
101866,2024-10-14 17:03:09,959,Краснодар,email,Красота,3656.09,1,3656.09
102148,06.12.2024,1093,Москва,,Книги,1230.36,3,3691.08
100209,11/21/2024,99,Москва,referral,Красота,2797.75,1,2797.75
100253,24.02.2024,123,Новосибирск,social,Одежда,1772.91,3,5318.73
100037,01/29/2025,19,Москва,social,Спорт,7550.16,1,7550.16
102367,2024-09-22 08:30:01,1200,Москва,referral,Красота,2063.48,1,2063.48
102169,02/21/2024,1101,Санкт-Петербург,ads,Красота,4563.37,1,4563.37
100035,03/12/2024,19,Краснодар,social,Красота,1288.4,1,1288.4
100478,2024-09-17 15:28:25,247,Краснодар,organic,Книги,1500.38,1,1500.38
102263,26.08.2024,1149,Екатеринбург,social,Красота,4410.8,3,13232.4
100949,11.12.2024,476,Екатеринбург,email,Красота,4508.14,1,4508.14
100716,28.11.2024,364,Краснодар,referral,Электроника,21119.43,1,21119.43
102183,2024/03/15,1108,Новосибирск,organic,Электроника,18638.07,1,18638.07
101150,2025-04-10 15:18:02,582,Новосибирск,email,Красота,3114.7,1,3114.7
101603,30.11.2024,827,Екатеринбург,social,Электроника,10155.41,1,10155.41
101071,2024-12-10 17:06:46,541,Москва,referral,Электроника,10409.78,3,31229.34
100371,12/01/2024,191,Казань,email,Электроника,19987.19,1,19987.19
102043,05/01/2025,1039,Краснодар,organic,Электроника,23643.88,1,23643.88
102083,2024-12-13 17:14:54,1060,Новосибирск,ads,Книги,736.23,1,736.23
101266,11/07/2024,651,Санкт-Петербург,social,Красота,2479.71,1,2479.71
102239,12.05.2025,1133,Казань,social,Дом,4802.57,1,4802.57
101515,2024-09-24 10:52:11,778,Новосибирск,email,Дом,4438.07,1,4438.07
100740,2024-12-13 17:02:31,375,Екатеринбург,email,Одежда,5114.39,3,15343.17
100115,2024-03-02 16:35:21,49,Новосибирск,referral,Красота,2114.18,1,2114.18
101434,11/27/2024,739,Краснодар,referral,Спорт,9329.13,1,9329.13
100878,06/18/2024,438,Москва,email,Электроника,19058.97,4,76235.88
101077,2024-07-30 16:48:10,542,Казань,organic,Одежда,4265.45,1,4265.45
101304,13.06.2025,671,Новосибирск,social,Книги,2257.83,2,4515.66
101378,05/04/2025,709,Москва,email,Дом,3713.93,1,3713.93
102188,03/19/2024,1110,Краснодар,organic,Красота,4249.93,1,4249.93
102133,2024/04/06,1083,Екатеринбург,ads,Спорт,10264.66,2,20529.32
101092,2024-12-07 20:49:35,552,Краснодар,organic,Красота,497.14,1,497.14
101095,11/27/2024,555,Санкт-Петербург,referral,Дом,681.83,2,1363.66
100191,2025/02/10,90,Москва,organic,Одежда,5656.4,1,5656.4
100719,03/07/2025,366,Новосибирск,email,Красота,1529.08,2,3058.16
100812,2024/11/15,408,Краснодар,social,Дом,2925.26,1,2925.26
101847,08/13/2024,952,Екатеринбург,social,Спорт,3460.18,1,3460.18
101587,2025/03/19,818,Казань,referral,Книги,1821.95,1,1821.95
100144,2024-03-24 08:20:59,66,Краснодар,referral,Спорт,6372.68,1,6372.68
102275,2025/04/08,1154,Казань,organic,Книги,1489.73,2,2979.46
100386,09/06/2024,199,Москва,email,Спорт,3415.93,2,6831.86
101593,01/31/2024,822,Новосибирск,social,Дом,889.04,1,889.04
101130,2024/11/09,569,Екатеринбург,email,Одежда,2250.61,1,2250.61
100989,11/15/2024,498,Москва,referral,Красота,758.88,5,3794.4
100676,01/15/2024,345,Краснодар,email,Дом,1775.92,1,1775.92
101464,2024-08-06 16:18:49,755,Санкт-Петербург,email,Красота,635.5,5,3177.5
100224,2024-12-13 16:30:03,107,Краснодар,ads,Дом,5630.31,3,16890.93
102142,06/22/2024,1090,Новосибирск,organic,Книги,1212.36,1,1212.36
101305,08.06.2024,672,Санкт-Петербург,email,Дом,7877.24,2,15754.48
100596,2024-12-16 20:51:44,301,Новосибирск,email,Электроника,3881.29,1,3881.29
100149,2024-03-10 16:32:50,68,Новосибирск,email,Красота,793.82,5,3969.1
100061,09/08/2024,26,Санкт-Петербург,email,Красота,3125.38,1,3125.38
100650,2025-03-08 22:26:17,331,Краснодар,email,Электроника,14845.17,1,14845.17
101275,2024-05-03 12:59:18,654,Екатеринбург,ads,Книги,2254.11,2,4508.22
101090,2025-05-12 13:40:52,550,Екатеринбург,email,Спорт,3645.9,1,3645.9
101751,15.12.2024,903,Краснодар,referral,Электроника,11923.89,1,11923.89
101141,11/12/2024,577,Краснодар,ads,Одежда,4360.51,3,13081.53
101931,13.03.2025,990,Екатеринбург,referral,Электроника,5485.97,2,10971.94
101827,02.08.2024,944,Санкт-Петербург,social,Спорт,9217.39,1,9217.39
100052,10.12.2024,21,Новосибирск,ads,Дом,3768.77,1,3768.77
101580,2024/09/05,812,Новосибирск,,Спорт,10492.39,1,10492.39
100779,2024/06/01,395,Санкт-Петербург,social,Книги,716.02,1,716.02
101016,04/19/2024,509,Краснодар,referral,Электроника,4862.5,1,4862.5
100661,2025-02-20 18:42:56,337,,ads,Дом,7003.79,4,28015.16
100889,03/15/2025,444,Екатеринбург,referral,Одежда,1070.61,3,3211.83
101560,2024/05/25,803,Москва,social,Спорт,10726.29,1,10726.29
100953,11.08.2024,479,Казань,email,Красота,4859.5,1,4859.5
100984,11/05/2024,495,Санкт-Петербург,ads,Дом,7532.78,1,7532.78
100977,2024-12-12 10:49:20,491,Москва,referral,Дом,3720.4,1,3720.4
100700,2025/04/10,358,Екатеринбург,ads,Спорт,10607.34,1,10607.34
100663,02/03/2025,339,Санкт-Петербург,ads,Электроника,20010.2,1,20010.2
100278,26.02.2024,138,Москва,organic,Спорт,2010.65,2,4021.3
100218,12/11/2024,104,Новосибирск,ads,Спорт,6922.26,4,27689.04
101666,2024-12-02 21:10:42,864,Краснодар,referral,Спорт,1276.08,1,1276.08
101159,2024-11-01 19:20:14,588,Казань,referral,Спорт,7469.6,5,37348.0
100652,06/19/2024,332,Краснодар,organic,Книги,2085.21,2,4170.42
101873,21.09.2024,964,Екатеринбург,ads,Одежда,4620.52,1,4620.52
101196,28.04.2025,611,Екатеринбург,referral,Красота,1639.16,4,6556.64
101190,01/01/2024,607,Краснодар,ads,Красота,3226.3,1,3226.3
100597,20.02.2025,302,,organic,Книги,1956.77,2,3913.54
100950,2025-03-23 19:36:24,477,Казань,social,Книги,1815.43,1,1815.43
101913,01/21/2024,980,Москва,organic,Дом,5811.85,2,11623.7
101102,2024/11/14,559,Краснодар,social,Электроника,19882.99,1,19882.99
102081,2025-05-22 08:27:34,1058,Москва,email,Дом,1882.89,1,1882.89
101128,2024/01/21,569,Новосибирск,organic,Одежда,2451.01,2,4902.02
102056,2025/06/19,1044,Санкт-Петербург,organic,Одежда,2692.69,5,13463.45
100347,2025/06/20,179,Новосибирск,referral,Дом,3919.45,1,3919.45
100666,05.02.2024,342,Екатеринбург,social,Электроника,17198.75,4,68795.0
102031,03/19/2024,1035,Казань,email,Одежда,5250.81,1,5250.81
101962,2024/08/14,1008,Краснодар,social,Спорт,11148.11,1,11148.11
100814,2024/05/16,410,Краснодар,email,Красота,3603.05,2,7206.1
102047,03/30/2025,1040,Казань,organic,Книги,1462.67,3,4388.01
101658,01/26/2024,861,Казань,email,Электроника,9833.23,1,9833.23
101473,2024/11/01,759,Краснодар,,Спорт,4341.02,1,4341.02
100023,03/03/2024,13,Казань,social,Дом,2132.76,1,2132.76
101884,02/01/2025,968,Санкт-Петербург,ads,Одежда,1712.62,4,6850.48
101854,19.11.2024,956,Казань,email,Красота,4249.15,2,8498.3
100910,06.11.2024,454,Москва,,Спорт,11359.91,1,11359.91
101948,2025-05-09 20:32:03,1002,Казань,social,Одежда,5618.23,2,11236.46
101549,2024/11/25,796,Екатеринбург,organic,Красота,-2495.89,1,-2495.89
100577,2024/09/01,291,,social,Одежда,931.9,5,4659.5
100377,24.02.2024,194,Екатеринбург,referral,Книги,534.24,1,534.24
100326,2024/10/02,166,Екатеринбург,referral,Красота,1492.86,2,2985.72
101538,2024-12-28 08:46:04,791,Казань,social,Одежда,2905.97,1,2905.97
100353,01/01/2025,182,Санкт-Петербург,email,Дом,6736.24,5,33681.2
100823,2025-03-19 21:50:30,417,Новосибирск,email,Одежда,3247.71,1,3247.71
100942,2024-12-17 15:16:56,473,Казань,organic,Книги,2158.64,4,8634.56
101742,2024-11-02 20:22:35,897,Москва,organic,Книги,2333.23,2,4666.46
101684,2024-02-02 19:18:17,872,Казань,email,Книги,514.2,1,514.2
100180,2025-03-02 20:57:46,85,Казань,email,Электроника,11103.87,2,22207.74
101957,2024/12/02,1006,Екатеринбург,organic,Спорт,10855.46,1,10855.46
100733,19.12.2024,370,Москва,referral,Книги,1112.53,4,4450.12
101386,2024-11-05 19:38:36,711,Новосибирск,email,Спорт,3284.68,1,3284.68
101116,2025-03-28 20:16:43,567,Казань,email,Красота,1057.27,1,1057.27
100886,2024/12/02,442,Москва,ads,Спорт,765.66,3,2296.98
100484,25.02.2024,248,Екатеринбург,social,Электроника,16945.52,2,33891.04
102215,04.12.2024,1123,Екатеринбург,social,Электроника,9927.74,1,9927.74
101903,2024/12/19,979,Казань,,Красота,4382.87,1,4382.87
101112,07/01/2024,564,Екатеринбург,social,Одежда,1335.48,1,1335.48
101088,02/11/2025,549,Казань,email,Дом,5454.6,1,5454.6
101663,2025/05/11,864,Санкт-Петербург,ads,Спорт,11496.61,1,11496.61
100816,09/06/2024,411,Екатеринбург,ads,Электроника,9794.67,2,19589.34
102028,28.07.2024,1034,Екатеринбург,ads,Электроника,11050.92,2,22101.84
101409,2024/11/06,725,Новосибирск,organic,Одежда,1693.58,5,8467.9
101741,23.12.2024,896,Новосибирск,organic,Красота,4748.47,3,14245.41
100202,2025-03-09 09:34:03,95,Новосибирск,organic,Красота,1402.35,1,1402.35
101699,2024-12-20 09:24:01,878,Москва,ads,Спорт,8541.63,1,8541.63
101597,2024/12/24,825,Новосибирск,ads,Одежда,2155.79,2,4311.58
100995,2024-10-09 15:33:27,500,Краснодар,organic,Одежда,2328.83,1,2328.83
101870,28.07.2024,961,Екатеринбург,email,Спорт,7181.87,1,7181.87
102062,04.04.2025,1046,Санкт-Петербург,social,Электроника,6009.95,2,12019.9
100059,2024/12/27,25,Краснодар,email,Спорт,8175.19,1,8175.19
101785,13.05.2025,919,Краснодар,social,Электроника,8543.16,1,8543.16
100836,09.11.2024,421,Новосибирск,email,Электроника,22103.96,1,22103.96
100972,2024/05/09,488,Краснодар,social,Электроника,10205.87,1,10205.87
102064,2024/10/29,1048,Екатеринбург,email,Одежда,4618.63,1,4618.63
101814,26.01.2024,933,Санкт-Петербург,email,Спорт,2892.15,5,14460.75
101757,31.03.2025,906,Санкт-Петербург,organic,Одежда,2508.38,1,2508.38
100287,01/10/2024,144,Краснодар,referral,Спорт,970.19,1,970.19
100632,11.10.2024,322,Казань,social,Электроника,4997.14,3,14991.42
100256,11.08.2024,126,Екатеринбург,organic,Электроника,19720.09,1,19720.09
101198,23.05.2024,611,Санкт-Петербург,referral,Электроника,24310.96,1,24310.96
101143,03/10/2025,578,Краснодар,social,Дом,6648.43,2,13296.86
101733,2024-07-10 12:05:35,892,Казань,referral,Спорт,10296.75,2,20593.5
100286,20.05.2025,144,Санкт-Петербург,organic,Красота,3264.5,1,3264.5
101436,11/06/2024,741,Москва,ads,Одежда,3019.94,1,3019.94
101032,2024-01-25 18:06:13,518,Санкт-Петербург,organic,Книги,2079.08,1,2079.08
101599,2025/01/13,826,Новосибирск,social,Книги,533.66,2,1067.32
100918,2025-05-26 22:16:51,459,Москва,ads,Дом,7065.52,1,7065.52
101715,2024/11/05,885,Казань,email,Красота,3556.71,2,7113.42
101405,12/21/2024,722,Новосибирск,email,Дом,4333.39,1,4333.39
101019,11/04/2024,511,Новосибирск,organic,Электроника,6366.49,3,19099.47
100887,01.05.2024,443,Екатеринбург,email,Спорт,11544.6,5,57723.0
101256,2024/12/28,644,Казань,referral,Одежда,2869.45,2,5738.9
101627,2024/11/15,842,Санкт-Петербург,social,Одежда,5445.01,2,10890.02
100501,2024/11/04,257,Казань,social,Спорт,9125.39,3,27376.17
100435,2024/12/16,227,Новосибирск,ads,Книги,916.59,1,916.59
101124,2024/11/20,568,Казань,organic,Красота,476.7,3,1430.1
101406,2025-01-05 08:02:54,722,Екатеринбург,organic,Дом,1395.84,1,1395.84
100075,2025-03-18 17:16:01,35,Санкт-Петербург,social,Спорт,1608.99,1,1608.99
102262,2024/12/01,1149,,ads,Красота,486.66,1,486.66
100151,06/28/2024,70,Краснодар,ads,Дом,4595.1,3,13785.3
101104,03/24/2024,560,Санкт-Петербург,organic,Красота,2621.78,1,2621.78
100712,2025-05-20 11:35:03,363,Екатеринбург,referral,Электроника,20456.61,4,81826.44
101377,2025/01/01,708,Екатеринбург,email,Спорт,11446.44,1,11446.44
100938,2024-03-17 17:40:31,473,Москва,ads,Одежда,1885.87,2,3771.74
100526,2024-12-05 22:50:22,273,Санкт-Петербург,referral,Книги,1478.95,1,1478.95
101536,05/24/2024,790,Казань,email,Красота,962.03,2,1924.06
100621,2024-12-21 21:40:30,315,Краснодар,referral,Красота,2531.88,1,2531.88
101797,05.11.2024,926,Новосибирск,organic,Книги,1217.03,1,1217.03
101889,05/23/2025,971,Новосибирск,ads,Дом,1921.0,2,3842.0
101725,11/24/2024,890,Санкт-Петербург,organic,Книги,-996.06,2,-1992.12
101065,04/28/2024,539,Екатеринбург,organic,Дом,2231.68,1,2231.68
100879,2025-05-06 18:43:56,438,Новосибирск,organic,Красота,2739.94,2,5479.88
101301,02/01/2025,668,Санкт-Петербург,social,Спорт,5904.57,1,5904.57
100281,23.05.2025,140,Екатеринбург,ads,Красота,4885.23,2,9770.46
101641,07/17/2024,851,Москва,organic,Книги,930.77,1,930.77
102156,2025/02/28,1095,Екатеринбург,social,Спорт,2397.52,1,2397.52
101049,11/03/2024,529,Новосибирск,organic,Электроника,8946.57,1,8946.57
100051,05.03.2025,21,Новосибирск,ads,Дом,6151.06,3,18453.18
101317,2025/04/26,677,Краснодар,email,Электроника,9659.63,1,9659.63
101094,02/06/2024,554,Новосибирск,organic,Книги,1913.34,4,7653.36
100349,2024-02-08 18:16:49,180,Казань,,Одежда,1440.44,2,2880.88
100807,20.03.2024,403,Новосибирск,referral,Электроника,14762.38,1,14762.38
100856,2024-11-24 18:00:23,430,Краснодар,ads,Спорт,8564.3,1,8564.3
101469,03/26/2024,758,Санкт-Петербург,social,Спорт,8248.38,1,8248.38
100182,11/17/2024,87,Казань,social,Красота,905.52,1,905.52
100870,2025/06/07,433,Новосибирск,email,Красота,2111.85,2,4223.7
102171,07.06.2024,1101,Санкт-Петербург,referral,Дом,3327.17,5,16635.85
101380,29.03.2024,711,Краснодар,organic,Электроника,24180.9,2,48361.8
102020,2024/07/16,1031,Новосибирск,organic,Одежда,4906.28,20,98125.6
101490,15.06.2025,766,Санкт-Петербург,email,Дом,2938.34,1,2938.34
102131,11/16/2024,1081,Краснодар,referral,Книги,2223.67,2,4447.34
101424,03/09/2024,736,Казань,email,Одежда,4128.71,2,8257.42
100472,2025-05-18 21:05:29,245,Екатеринбург,social,Электроника,3287.89,4,13151.56
101928,12/30/2024,989,Екатеринбург,organic,Красота,2255.17,1,2255.17
100104,2025/02/21,43,Санкт-Петербург,email,Спорт,8100.62,3,24301.86
101280,01/25/2024,656,Екатеринбург,email,Спорт,5617.07,1,5617.07
100369,06/17/2024,191,Москва,referral,Дом,5765.72,1,5765.72
101480,10/31/2024,763,Москва,referral,Книги,2308.54,1,2308.54
101114,2024/12/14,565,,organic,Спорт,10583.14,1,10583.14
102098,12/13/2024,1065,Екатеринбург,social,Книги,1652.53,4,6610.12
100133,2025/01/07,61,Краснодар,social,Спорт,6621.97,2,13243.94
101818,2024-05-02 17:19:14,936,Санкт-Петербург,email,Спорт,8187.02,4,32748.08
101956,16.03.2024,1006,Краснодар,social,Спорт,8961.75,2,17923.5
100473,2025/01/12,245,,organic,Красота,4715.92,56,264091.52
101762,2024-12-28 17:43:23,908,Санкт-Петербург,organic,Спорт,7423.05,1,7423.05
101079,04/22/2024,543,Новосибирск,email,Книги,577.59,1,577.59
100356,2024-11-16 09:06:54,184,Москва,ads,Электроника,21749.47,1,21749.47
100092,09/03/2024,41,Краснодар,referral,Книги,2215.85,2,4431.7
101089,12/09/2024,550,Новосибирск,email,Электроника,9400.47,1,9400.47
100635,2024-11-25 13:07:29,323,,ads,Дом,7859.76,1,7859.76
100008,12/13/2024,5,Санкт-Петербург,referral,Спорт,3725.47,1,3725.47
101526,2024-09-15 09:56:35,786,Екатеринбург,referral,Электроника,23419.05,3,70257.15
101781,25.11.2024,919,Новосибирск,social,Одежда,4460.68,1,4460.68
100909,05/31/2024,453,Санкт-Петербург,ads,Одежда,4595.02,58,266511.16
101133,2024-11-09 11:29:16,571,Москва,social,Книги,1513.54,2,3027.08
102326,08/21/2024,1183,Москва,ads,Одежда,1962.86,1,1962.86
101212,29.12.2024,621,Санкт-Петербург,ads,Красота,3460.85,2,6921.7
101206,2024/02/19,618,Москва,social,Спорт,5178.28,1,5178.28
101219,2025/02/03,626,Москва,ads,Красота,788.48,2,1576.96
101078,2025/05/15,542,Казань,email,Книги,1483.42,1,1483.42
100108,05.11.2024,44,Казань,referral,Одежда,5935.14,1,5935.14
101899,2025/05/24,976,Казань,referral,Одежда,3764.09,1,3764.09
100078,2025-02-14 16:02:29,37,Екатеринбург,referral,Дом,3587.34,1,3587.34
101404,11/26/2024,721,Новосибирск,social,Электроника,24263.3,3,72789.9
100120,11/22/2024,52,Новосибирск,,Книги,1611.69,3,4835.07
100184,2024/09/27,88,Санкт-Петербург,referral,Книги,1053.12,1,1053.12
100027,2024-11-05 20:41:33,17,Краснодар,social,Одежда,2721.54,1,2721.54
100412,2024/01/20,215,Москва,ads,Одежда,3486.53,1,3486.53
101226,2024/11/24,630,Казань,organic,Одежда,1454.33,1,1454.33
101835,2024/03/20,946,Новосибирск,referral,Спорт,11744.1,1,11744.1
101852,08.11.2024,955,Казань,ads,Дом,6391.73,2,12783.46
101343,07/18/2024,693,Новосибирск,organic,Книги,564.8,2,1129.6
102159,2025-04-28 10:00:35,1096,Казань,ads,Спорт,10401.95,1,10401.95
101680,2024-01-23 09:05:19,871,Санкт-Петербург,,Спорт,7501.95,1,7501.95
102035,2024/09/15,1037,Екатеринбург,social,Электроника,10398.13,2,20796.26
100406,2025/04/25,211,Москва,social,Книги,2297.0,1,2297.0
101321,2024-12-21 21:21:50,678,Казань,organic,Электроника,19203.08,1,19203.08
100117,2024-12-19 11:51:27,50,Казань,referral,Одежда,5205.83,1,5205.83
100416,14.01.2025,219,Новосибирск,email,Красота,3386.47,1,3386.47
101335,11/11/2024,690,Казань,organic,Одежда,2965.0,1,2965.0
100821,2024/08/29,415,Санкт-Петербург,ads,Книги,2128.69,4,8514.76
102079,27.12.2024,1056,Москва,referral,Дом,1682.11,3,5046.33
101015,12/05/2024,509,Казань,email,Книги,1426.85,1,1426.85
102161,07/07/2024,1097,Москва,organic,Одежда,2495.53,1,2495.53
101714,05.01.2025,884,Новосибирск,social,Книги,762.59,1,762.59
101938,07/08/2024,995,Санкт-Петербург,ads,Красота,1546.03,1,1546.03
100693,2024/11/06,353,Краснодар,ads,Одежда,5818.26,3,17454.78
101727,2025-02-06 12:55:05,892,Краснодар,ads,Спорт,3736.0,1,3736.0
101943,12/04/2024,998,Санкт-Петербург,referral,Дом,6292.83,1,6292.83
101207,2024/11/30,618,Краснодар,organic,Спорт,11950.9,4,47803.6
101547,17.02.2024,795,Новосибирск,organic,Спорт,11272.19,1,11272.19
101848,05.12.2024,952,Екатеринбург,ads,Спорт,7665.98,5,38329.9
101926,2025/04/30,988,Новосибирск,ads,Книги,1512.34,2,3024.68
100773,05.12.2024,391,Москва,referral,Одежда,2042.9,2,4085.8
101366,02/15/2024,704,Санкт-Петербург,organic,Одежда,4386.31,3,13158.93
100623,2024/05/02,317,Санкт-Петербург,social,Дом,5209.97,1,5209.97
100177,01/09/2025,83,Казань,organic,Спорт,4917.14,5,24585.7
100102,2024-11-05 09:08:02,43,Екатеринбург,email,Красота,690.8,3,2072.4
101361,02/05/2024,703,Санкт-Петербург,organic,Спорт,8085.97,1,8085.97
102267,06.12.2024,1152,Санкт-Петербург,email,Спорт,8568.54,3,25705.62
101119,2024/11/13,567,Казань,organic,Дом,4445.02,1,4445.02
100043,15.03.2024,20,Краснодар,email,Электроника,8386.54,1,8386.54
101621,05.07.2024,838,Москва,email,Электроника,11634.9,1,11634.9
101348,16.11.2024,693,Санкт-Петербург,organic,Дом,4742.13,1,4742.13
101979,2024/05/02,1020,Краснодар,organic,Одежда,910.62,5,4553.1
102175,2024/05/30,1104,Краснодар,ads,Красота,3612.62,4,14450.48
100071,11/18/2024,33,Новосибирск,,Одежда,4052.68,1,4052.68
100081,09/02/2024,38,Москва,ads,Красота,2629.67,1,2629.67
100006,2024-12-07 18:17:44,3,,ads,Электроника,11362.78,1,11362.78
101614,11/14/2024,834,Краснодар,referral,Книги,1454.54,1,1454.54
100264,12/11/2024,129,Екатеринбург,organic,Спорт,3734.47,3,11203.41
101372,12.02.2024,706,Краснодар,ads,Спорт,10652.17,5,53260.85
101021,06.11.2024,512,Новосибирск,email,Электроника,12511.78,2,25023.56
101972,12/09/2024,1016,Москва,organic,Дом,7355.84,1,7355.84
101213,2024/02/10,622,Екатеринбург,ads,Одежда,1324.66,1,1324.66
102226,05/16/2024,1127,Новосибирск,email,Спорт,3966.78,1,3966.78
100683,2024/12/23,346,Москва,referral,Книги,1384.25,1,1384.25
102086,2025-04-18 20:31:11,1060,Санкт-Петербург,social,Одежда,-4638.43,1,-4638.43
100805,05/19/2024,401,Москва,organic,Электроника,8513.33,2,17026.66
101850,2024/11/17,954,Казань,email,Спорт,4086.72,5,20433.6
101734,2024-04-30 15:18:45,893,Краснодар,ads,Спорт,4781.64,1,4781.64
101062,06/04/2025,537,Казань,organic,Дом,4330.97,2,8661.94
101624,30.08.2024,840,Казань,social,Дом,2272.04,1,2272.04
101588,2025/06/08,819,Екатеринбург,email,Дом,7118.68,1,7118.68
101982,12/01/2024,1022,Санкт-Петербург,referral,Книги,327.4,4,1309.6
100835,07/15/2024,421,Краснодар,social,Одежда,1844.89,2,3689.78
101347,2024-11-27 13:39:53,693,Краснодар,referral,Книги,356.02,1,356.02
100285,2024/03/29,144,Казань,referral,Дом,6301.46,1,6301.46
101419,2024-12-06 16:04:14,732,Казань,organic,Дом,1562.26,1,1562.26
101014,28.01.2024,508,Казань,referral,Спорт,5912.51,4,23650.04
100188,2024/08/19,89,Краснодар,email,Одежда,2060.78,2,4121.56
100426,01/01/2024,222,Екатеринбург,email,Красота,565.88,1,565.88
102351,12/28/2024,1192,Казань,organic,Дом,5421.18,4,21684.72
100320,05.02.2024,163,Москва,email,Электроника,11685.7,3,35057.1
100492,2025/01/20,252,Санкт-Петербург,organic,Одежда,4414.37,2,8828.74
101391,29.09.2024,714,Екатеринбург,ads,Книги,2033.79,1,2033.79
101477,2024-12-24 12:26:01,762,Екатеринбург,referral,Дом,6873.03,5,34365.15
100794,11/22/2024,397,Москва,ads,Электроника,10234.51,5,51172.55
101298,2025/04/10,665,Санкт-Петербург,ads,Красота,2656.59,1,2656.59
100847,01/25/2025,427,Санкт-Петербург,ads,Спорт,10984.89,2,21969.78
101035,2024/12/27,521,Москва,ads,Электроника,13971.67,1,13971.67
101456,2024/11/08,753,Санкт-Петербург,ads,Электроника,13711.67,5,68558.35
102324,25.08.2024,1183,Москва,referral,Дом,780.19,5,3900.95
100788,2024-12-20 14:25:52,397,,social,Дом,564.0,1,564.0
102328,2024-12-14 11:17:11,1185,Краснодар,social,Дом,5070.59,1,5070.59
102143,2024/11/26,1090,Казань,ads,Красота,4281.64,2,8563.28
101168,04/10/2024,595,Санкт-Петербург,organic,Дом,6222.01,2,12444.02
102335,04/15/2024,1187,Краснодар,email,Спорт,11138.7,1,11138.7
101838,03/16/2024,949,Казань,email,Красота,3443.51,1,3443.51
101169,2024/03/23,596,Казань,ads,Одежда,3970.47,1,3970.47
100581,11/14/2024,292,Екатеринбург,organic,Электроника,5511.95,1,5511.95
100221,2024/12/01,105,Казань,referral,Книги,2308.05,2,4616.1
100383,2024-11-04 17:35:22,197,Краснодар,referral,Дом,4976.6,2,9953.2
101230,2025/04/09,633,Краснодар,,Книги,1192.45,5,5962.25
100183,2024/11/28,88,Санкт-Петербург,email,Красота,1035.18,1,1035.18
102213,2024/05/03,1121,Казань,ads,Электроника,15263.63,2,30527.26
100734,2024-11-05 20:37:26,370,Екатеринбург,referral,Дом,7932.65,1,7932.65
102221,02/11/2025,1126,Казань,ads,Красота,4689.07,2,9378.14
101562,26.12.2024,803,Санкт-Петербург,social,Дом,3551.94,1,3551.94
101025,2024-12-23 16:24:32,512,Санкт-Петербург,ads,Книги,2182.85,1,2182.85
101040,2024-11-06 22:14:01,523,Москва,ads,Одежда,4181.75,1,4181.75
102139,03/26/2025,1087,Краснодар,organic,Одежда,940.66,1,940.66
100653,2024-10-31 14:51:14,333,Краснодар,social,Книги,770.98,1,770.98
102082,2024-03-23 11:28:56,1059,Екатеринбург,organic,Электроника,23275.01,3,69825.03
101986,12/18/2024,1023,Санкт-Петербург,email,Книги,981.05,4,3924.2
101140,25.06.2024,576,Новосибирск,organic,Электроника,17489.39,46,804511.94
101649,2025-04-17 09:02:35,854,Москва,social,Электроника,6010.9,23,138250.7
101225,12/20/2024,630,Новосибирск,social,Электроника,9851.48,1,9851.48
100689,2025/05/25,351,Краснодар,organic,Одежда,2965.38,1,2965.38
102271,24.01.2024,1152,,ads,Дом,4723.45,1,4723.45
102240,2024/10/11,1134,Казань,social,Красота,3041.85,1,3041.85
101371,12.06.2024,705,Краснодар,email,Красота,1067.23,1,1067.23
102251,03/04/2025,1140,Краснодар,social,Спорт,5228.77,1,5228.77
102196,12/03/2024,1113,,social,Книги,1489.07,1,1489.07
102193,01.12.2024,1112,Санкт-Петербург,organic,Электроника,18770.14,1,18770.14
101694,2024-02-21 14:16:10,875,Екатеринбург,referral,Книги,1256.8,1,1256.8
101609,2024/12/11,830,Казань,referral,Дом,6969.45,1,6969.45
100822,04/04/2025,416,Москва,referral,Одежда,3950.43,1,3950.43
100276,09.11.2024,136,Санкт-Петербург,social,Красота,2704.83,1,2704.83
100067,09.05.2024,30,Краснодар,email,Одежда,2371.79,2,4743.58
101634,2024-11-01 17:26:30,847,Санкт-Петербург,social,Одежда,3285.44,2,6570.88
100063,12/16/2024,27,Краснодар,email,Книги,322.33,4,1289.32
100019,26.12.2024,11,Санкт-Петербург,social,Спорт,5977.38,2,11954.76
101939,2024/10/04,996,Казань,referral,Спорт,6289.58,1,6289.58
100739,17.12.2024,374,Москва,referral,Книги,1569.08,1,1569.08
101452,11/23/2024,750,Москва,social,Электроника,9214.46,1,9214.46
102210,2024-04-24 21:11:25,1119,Москва,social,Спорт,8566.09,1,8566.09
100142,2024/04/15,66,Москва,ads,Красота,2610.72,1,2610.72
102090,2025-02-26 08:10:02,1061,Краснодар,organic,Красота,2677.74,1,2677.74
100197,2024/11/14,92,Казань,ads,Книги,2330.83,3,6992.49
102089,2024/11/17,1061,Москва,,Дом,5175.72,2,10351.44
102050,2024/04/18,1042,Казань,organic,Электроника,12842.99,1,12842.99
100382,01.12.2024,197,Москва,ads,Электроника,11298.36,1,11298.36
101652,03/03/2024,856,Новосибирск,organic,Красота,897.64,1,897.64
100235,11/13/2024,114,Екатеринбург,email,Спорт,7410.01,1,7410.01
101202,16.03.2024,614,Санкт-Петербург,social,Электроника,13380.5,3,40141.5
101312,2025/05/18,675,Москва,referral,Одежда,3126.13,1,3126.13
101010,2024/03/23,506,Санкт-Петербург,email,Одежда,5978.75,1,5978.75
100686,06/16/2024,349,Москва,email,Одежда,1752.33,1,1752.33
100234,2024/10/09,113,Екатеринбург,ads,Спорт,2349.06,1,2349.06
101845,03/21/2025,952,Екатеринбург,organic,Спорт,5170.77,1,5170.77
100863,2024-05-07 11:42:57,431,Санкт-Петербург,social,Книги,1485.76,3,4457.28
100499,12.11.2024,256,,ads,Красота,4080.48,3,12241.44
101376,2024-11-10 09:13:11,708,Москва,referral,Книги,1704.15,4,6816.6
101304,13.06.2025,671,Новосибирск,social,Книги,2257.83,2,4515.66
100583,2025-01-13 15:15:59,292,Санкт-Петербург,organic,Одежда,4739.26,1,4739.26
101638,27.10.2024,849,Казань,organic,Книги,1942.9,1,1942.9
100742,2024/11/10,375,,organic,Одежда,2128.88,1,2128.88
100044,2024-01-06 21:49:56,20,Новосибирск,ads,Спорт,5216.08,1,5216.08
101550,21.04.2024,796,Казань,ads,Спорт,6452.56,1,6452.56
100028,17.05.2024,17,Екатеринбург,referral,Дом,7488.17,1,7488.17
102012,2025-03-11 12:24:15,1030,Москва,organic,Электроника,23741.66,3,71224.98
101278,2024/04/11,656,Казань,social,Красота,3655.13,3,10965.39
100500,11/24/2024,257,Новосибирск,referral,Книги,2317.65,1,2317.65
100530,10.04.2024,275,Краснодар,organic,Дом,6316.5,1,6316.5
101865,2025-02-09 16:53:01,959,Казань,referral,Красота,3065.45,1,3065.45
101784,28.10.2024,919,Санкт-Петербург,ads,Электроника,6907.91,1,6907.91
100181,08/21/2024,86,Санкт-Петербург,ads,Красота,4001.36,2,8002.72
102140,2025/02/24,1088,Москва,social,Одежда,1751.79,1,1751.79
100374,17.11.2024,193,Санкт-Петербург,ads,Красота,2756.56,3,8269.68
101423,01/11/2025,735,Санкт-Петербург,organic,Спорт,2461.78,1,2461.78
102094,2024/12/19,1064,Краснодар,ads,Одежда,5944.42,1,5944.42
102279,2024-12-28 18:50:48,1156,Казань,ads,Красота,805.79,3,2417.37
100940,12/09/2024,473,,ads,Дом,4823.84,1,4823.84
100402,2025/02/18,210,Казань,social,Книги,1689.58,3,5068.74
101749,12/25/2024,901,Санкт-Петербург,ads,Красота,3957.85,1,3957.85
101988,2024-11-04 16:53:39,1024,Москва,ads,Электроника,8830.32,3,26490.96
101398,2024/05/20,717,Казань,social,Книги,1373.13,2,2746.26
100778,12/23/2024,394,Краснодар,ads,Электроника,6177.51,4,24710.04
101382,29.01.2024,711,Новосибирск,referral,Спорт,1772.98,2,3545.96
102013,2024-11-24 21:15:28,1031,Москва,social,Книги,910.13,1,910.13
100577,2024/09/01,291,,social,Одежда,931.9,5,4659.5
100331,2025/04/30,169,Краснодар,organic,Спорт,7412.69,1,7412.69
100312,2024-11-13 10:46:04,161,Екатеринбург,social,Электроника,9487.99,1,9487.99
100751,2024-12-01 22:44:08,381,Казань,email,Дом,2344.46,5,11722.3
101462,2024-09-17 08:33:14,753,Санкт-Петербург,email,Красота,4319.96,3,12959.88
101260,2025/01/31,648,Новосибирск,referral,Книги,1179.16,1,1179.16
100036,2024/12/02,19,Краснодар,referral,Дом,7544.28,1,7544.28
100033,26.12.2024,19,Екатеринбург,ads,Одежда,5876.27,3,17628.81
100545,06/01/2024,281,Санкт-Петербург,ads,Красота,4125.26,2,8250.52
100589,2024-11-18 10:10:50,295,Новосибирск,social,Спорт,3540.61,2,7081.22
100399,2024/11/23,208,Екатеринбург,ads,Дом,7689.94,46,353737.24
100481,08/10/2024,248,Санкт-Петербург,email,Дом,1189.29,1,1189.29
101074,12/11/2024,542,Екатеринбург,referral,Красота,3105.17,4,12420.68
100774,2024/10/24,392,Москва,organic,Дом,725.13,1,725.13
102246,11/05/2024,1137,Москва,referral,Красота,2521.04,1,2521.04
101482,11.06.2024,764,Москва,referral,Дом,3544.92,1,3544.92
101249,18.03.2025,641,Москва,referral,Электроника,23684.33,3,71052.99
101244,2025-05-21 14:26:03,640,Екатеринбург,referral,Книги,2203.19,1,2203.19
100084,01.11.2024,38,Новосибирск,social,Дом,6654.12,1,6654.12
100607,2025/06/16,309,,social,Электроника,3484.81,3,10454.43
100833,11/25/2024,420,Краснодар,referral,Красота,1817.26,5,9086.3
100933,2024/02/19,470,Новосибирск,social,Книги,2470.29,1,2470.29
101577,04/26/2025,810,Краснодар,email,Красота,1550.58,1,1550.58
100825,2024/11/01,418,Новосибирск,email,Книги,1357.86,1,1357.86
100817,2024/08/31,411,Санкт-Петербург,referral,Одежда,2753.89,2,5507.78
102127,2024/10/20,1079,Москва,email,Красота,1240.66,3,3721.98
100717,2024-06-06 13:52:08,365,,email,Книги,1396.46,3,4189.38
102273,03/14/2025,1152,Москва,social,Красота,4206.61,1,4206.61
101250,2024/01/30,641,Краснодар,referral,Электроника,9430.09,1,9430.09
102327,2025/02/25,1184,Санкт-Петербург,social,Красота,3149.44,1,3149.44
100748,05/08/2025,379,Екатеринбург,ads,Одежда,802.82,4,3211.28
100771,2024/12/05,390,Новосибирск,referral,Красота,3582.47,1,3582.47
101911,2024-07-24 19:38:09,980,Краснодар,social,Одежда,4251.88,2,8503.76
100973,08.06.2025,489,Санкт-Петербург,referral,Спорт,9120.7,1,9120.7
101293,04.02.2025,663,Санкт-Петербург,ads,Спорт,2967.34,2,5934.68
102063,2025-01-05 14:54:40,1047,Краснодар,social,Книги,1395.05,1,1395.05
101188,2024-11-15 09:30:12,605,Казань,social,Книги,2239.61,1,2239.61
101611,25.03.2024,831,Москва,organic,Дом,7685.04,4,30740.16
100247,06/12/2024,118,Краснодар,ads,Красота,1522.0,1,1522.0
100875,2024/06/08,436,Москва,referral,Одежда,2147.12,2,4294.24
102207,2024-01-09 10:46:33,1117,Краснодар,email,Электроника,11716.99,1,11716.99
101268,11/27/2024,651,Краснодар,organic,Книги,1210.17,1,1210.17
101885,2024/06/29,969,Казань,email,Дом,1622.4,1,1622.4
100193,2024-12-21 12:45:11,90,Краснодар,referral,Спорт,3783.06,3,11349.18
100962,12/27/2024,483,Санкт-Петербург,email,Книги,2484.22,1,2484.22
100916,2024/10/15,459,Москва,organic,Электроника,7939.49,4,31757.96
101357,10.11.2024,700,Екатеринбург,ads,Красота,1457.13,3,4371.39
101417,2025-06-13 20:12:54,730,Новосибирск,referral,Одежда,1939.51,1,1939.51
101653,2024/02/18,857,Новосибирск,referral,Спорт,8752.62,1,8752.62
101349,04/04/2024,693,Екатеринбург,organic,Книги,659.44,2,1318.88
101514,2024-02-21 17:34:56,777,Санкт-Петербург,social,Одежда,4954.5,1,4954.5
100715,2025-03-24 21:48:07,364,Казань,social,Электроника,18540.91,4,74163.64
101934,2024-07-07 10:07:38,992,Екатеринбург,ads,Дом,7493.29,2,14986.58
101389,2024/07/20,713,Новосибирск,organic,Одежда,1249.16,1,1249.16
102072,01/31/2024,1052,Казань,ads,Спорт,7563.41,1,7563.41
101002,2024-09-20 12:23:29,505,Екатеринбург,referral,Дом,3894.62,2,7789.24
100595,10.09.2024,300,Казань,organic,Красота,2369.31,3,7107.93
101383,02/19/2024,711,Санкт-Петербург,email,Красота,2999.23,3,8997.69
100605,04.12.2024,308,Санкт-Петербург,social,Спорт,10846.79,1,10846.79
100397,11.12.2024,207,Москва,referral,Электроника,9394.36,1,9394.36
100289,14.04.2025,146,Краснодар,email,Книги,1208.72,3,3626.16
102366,07.07.2024,1199,Новосибирск,email,Книги,951.74,1,951.74
102317,2024-11-19 09:20:05,1178,Екатеринбург,ads,Красота,3604.87,1,3604.87
100290,12/28/2024,146,Краснодар,referral,Электроника,16021.71,1,16021.71
102341,30.01.2025,1188,Москва,referral,Красота,487.86,3,1463.58
100150,2024-01-17 09:22:15,69,Казань,,Спорт,11785.75,1,11785.75
102180,04.02.2024,1107,Москва,organic,Книги,1181.49,4,4725.96
100170,01.03.2025,81,Екатеринбург,referral,Электроника,18149.5,1,18149.5
102329,2025/04/29,1186,Краснодар,social,Спорт,9179.0,2,18358.0
102217,2024-03-13 11:43:00,1124,Новосибирск,ads,Электроника,11051.39,1,11051.39
101682,2025-02-21 13:11:15,871,Екатеринбург,referral,Электроника,8118.28,1,8118.28
100985,2025-01-12 16:00:59,495,Екатеринбург,,Электроника,7205.51,4,28822.04
101598,2024/08/15,826,Москва,ads,Спорт,11390.53,1,11390.53
100003,2025/03/08,2,Москва,organic,Электроника,19693.76,1,19693.76
102352,09.09.2024,1193,Екатеринбург,social,Электроника,22275.76,2,44551.52
100799,2024/04/03,401,Краснодар,referral,Спорт,5928.46,1,5928.46
101033,12/07/2024,519,Казань,referral,Спорт,7121.73,3,21365.19
101337,2024/11/30,690,Краснодар,email,Спорт,4881.1,1,4881.1
100985,2025-01-12 16:00:59,495,Екатеринбург,,Электроника,7205.51,4,28822.04
101501,04/23/2025,774,Краснодар,ads,Одежда,2935.82,1,2935.82
101420,09.03.2025,733,Казань,organic,Красота,1209.34,1,1209.34
102285,21.11.2024,1160,Краснодар,organic,Красота,596.46,3,1789.38
100654,2025/05/01,333,Казань,referral,Электроника,16021.02,1,16021.02
102025,2024/03/11,1033,Казань,referral,Красота,4954.94,2,9909.88
100600,2024/07/31,304,Краснодар,organic,Дом,5735.41,2,11470.82
101027,2025/06/03,514,Казань,social,Спорт,7546.01,56,422576.56
102172,02/13/2025,1101,Казань,ads,Книги,1916.57,3,5749.71
100248,21.07.2024,119,Санкт-Петербург,referral,Красота,2387.82,1,2387.82
100238,07/03/2024,115,Краснодар,ads,Книги,739.56,5,3697.8
101548,2025-02-03 17:05:52,796,Новосибирск,ads,Электроника,14445.64,1,14445.64
101530,2024-12-25 12:05:29,787,Новосибирск,referral,Дом,5916.87,3,17750.61
100934,2024/12/30,470,Новосибирск,social,Одежда,2435.26,1,2435.26
100961,2024/12/27,483,Екатеринбург,ads,Электроника,22804.12,1,22804.12
101905,2024/12/07,979,Санкт-Петербург,social,Красота,3565.67,1,3565.67
101625,05/05/2024,841,Санкт-Петербург,ads,Книги,2367.33,1,2367.33
102260,2025/01/06,1147,Екатеринбург,organic,Одежда,3687.24,1,3687.24
100342,05/20/2024,177,Санкт-Петербург,referral,Спорт,1310.9,3,3932.7
101936,16.08.2024,993,Казань,ads,Дом,5635.51,1,5635.51
101138,10.11.2024,574,,ads,Дом,7654.86,1,7654.86
100459,2024/03/14,234,Новосибирск,organic,Одежда,1091.4,2,2182.8
101568,2024-12-08 18:17:17,807,Новосибирск,email,Книги,2388.73,2,4777.46
100936,08.08.2024,472,Казань,social,Красота,829.14,2,1658.28
101886,2024/01/02,970,Екатеринбург,referral,Одежда,5525.61,2,11051.22
100017,2024/11/08,9,Москва,social,Электроника,15942.79,1,15942.79
101479,2024/08/05,763,Екатеринбург,social,Дом,7163.06,1,7163.06
100257,2024/04/30,127,Краснодар,social,Дом,6966.5,1,6966.5
100967,2024-01-24 17:55:06,484,Новосибирск,social,Дом,1122.23,1,1122.23
101156,24.09.2024,587,Краснодар,organic,Спорт,11606.31,2,23212.62
101097,2024/01/24,556,Краснодар,social,Дом,6385.79,1,6385.79
100016,24.03.2025,9,Москва,referral,Спорт,11945.19,2,23890.38
102311,2024-11-24 20:21:21,1174,Краснодар,ads,Электроника,7759.3,3,23277.9
100957,11/20/2024,481,Краснодар,social,Электроника,24897.99,3,74693.97
101115,2025-04-30 21:33:20,566,Казань,ads,Спорт,4963.6,1,4963.6
101647,02/19/2025,853,Екатеринбург,email,Электроника,5743.28,2,11486.56
100010,02/18/2024,5,Казань,organic,Одежда,3449.54,1,3449.54
102339,16.11.2024,1188,Новосибирск,organic,Книги,1742.71,2,3485.42
101802,23.09.2024,929,Москва,organic,Дом,4487.22,1,4487.22
102018,2024/05/21,1031,Москва,ads,Электроника,18151.8,1,18151.8
100615,12/22/2024,312,Санкт-Петербург,email,Одежда,4862.67,2,9725.34
101686,2024-04-09 15:17:26,874,Санкт-Петербург,referral,Спорт,5917.49,1,5917.49
102138,2024/11/08,1086,Новосибирск,social,Дом,7822.2,1,7822.2
100258,2024/07/30,128,Казань,social,Одежда,4003.99,2,8007.98
102235,12/03/2024,1131,Краснодар,referral,Дом,1770.99,1,1770.99
100338,07/13/2024,174,Краснодар,referral,Книги,1857.75,1,1857.75
101875,05/15/2024,964,Краснодар,email,Красота,1150.0,1,1150.0
101455,18.11.2024,752,Москва,ads,Дом,6089.61,2,12179.22
101513,25.04.2024,776,Москва,social,Красота,983.18,1,983.18
101661,10/31/2024,863,Казань,social,Книги,1639.47,1,1639.47
100760,2025-04-04 14:12:21,383,Казань,organic,Электроника,9114.53,1,9114.53
101975,22.09.2024,1018,Казань,referral,Книги,2219.2,1,2219.2
100143,2024-11-27 15:56:22,66,Новосибирск,organic,Дом,3869.89,1,3869.89
102042,2024-11-04 17:28:35,1038,Москва,organic,Спорт,1297.45,1,1297.45
102061,10.03.2025,1045,Казань,referral,Одежда,3351.04,3,10053.12
100455,2024/10/05,232,Новосибирск,ads,Книги,1981.98,4,7927.92
101326,2024-12-27 13:47:15,682,Краснодар,referral,Книги,952.78,1,952.78
101662,2025/03/25,864,Москва,email,Красота,699.55,1,699.55
101148,11/06/2024,581,Казань,referral,Красота,2247.84,2,4495.68
101214,11/25/2024,623,Москва,email,Одежда,2375.23,1,2375.23
100881,2024-02-22 14:10:23,439,Екатеринбург,ads,Дом,6795.57,1,6795.57
100787,2024/12/09,396,Санкт-Петербург,social,Электроника,10925.21,1,10925.21
101545,2024-12-11 13:26:04,794,Екатеринбург,organic,Одежда,3954.16,1,3954.16
102308,03/20/2025,1172,Москва,organic,Дом,6886.0,4,27544.0
100367,2024/12/05,191,Краснодар,email,Электроника,20964.95,3,62894.85
100947,2024/01/24,476,Краснодар,ads,Спорт,3111.66,1,3111.66
101692,2024/02/27,875,Санкт-Петербург,referral,Книги,871.79,1,871.79
100323,2024-11-05 17:37:37,166,Москва,social,Красота,3266.07,1,3266.07
102123,2025-02-02 22:52:18,1079,Краснодар,ads,Одежда,5681.19,2,11362.38
100699,12/06/2024,358,Москва,organic,Дом,2411.45,1,2411.45
101056,2024/08/11,532,Москва,email,Спорт,1118.14,1,1118.14
101616,26.06.2024,835,Санкт-Петербург,organic,Электроника,14568.21,3,43704.63
102009,2024-11-04 12:07:25,1029,Москва,social,Спорт,3403.78,1,3403.78
100014,11/19/2024,8,Москва,social,Спорт,920.09,4,3680.36
100415,30.05.2025,218,Казань,social,Спорт,10888.17,1,10888.17
101731,03/15/2024,892,Санкт-Петербург,referral,Красота,3437.89,1,3437.89
102343,06/17/2024,1188,Санкт-Петербург,ads,Одежда,4693.06,5,23465.3
102016,09/13/2024,1031,Новосибирск,email,Спорт,4334.66,4,17338.64
100427,2024/03/11,223,Екатеринбург,referral,Одежда,3492.26,2,6984.52
101239,11.09.2024,639,Новосибирск,organic,Красота,2327.44,1,2327.44
100994,12/12/2024,500,Краснодар,,Одежда,2864.03,1,2864.03
101123,04.03.2024,568,Краснодар,social,Электроника,4233.06,2,8466.12
100877,08/22/2024,437,Екатеринбург,organic,Спорт,6582.72,2,13165.44
100872,08/19/2024,434,Москва,organic,Дом,6335.53,1,6335.53
102057,2024-05-20 21:18:32,1044,Санкт-Петербург,organic,Книги,1484.03,1,1484.03
101668,2025-05-30 12:59:42,866,Москва,social,Спорт,11576.47,2,23152.94
101761,03/24/2025,907,Краснодар,ads,Красота,4496.75,1,4496.75
101861,2025-04-27 16:27:51,957,Казань,,Книги,1042.24,2,2084.48
101396,2025-03-19 14:04:35,716,Краснодар,ads,Книги,932.78,2,1865.56
100137,03.07.2024,62,Санкт-Петербург,ads,Книги,1096.02,1,1096.02
102113,04/18/2024,1074,Санкт-Петербург,referral,Одежда,5321.8,1,5321.8
102136,13.06.2025,1085,Новосибирск,email,Красота,800.79,1,800.79
100687,2024/04/25,350,Москва,ads,Красота,2979.93,1,2979.93
100988,23.12.2024,498,Краснодар,ads,Дом,2914.34,2,5828.68
101435,11/10/2024,740,Казань,ads,Одежда,1284.59,1,1284.59
101591,22.03.2025,821,Екатеринбург,social,Книги,1383.44,1,1383.44
100959,12/25/2024,482,Москва,referral,Одежда,5252.98,4,21011.92
100194,02/19/2025,91,Краснодар,organic,Книги,1783.68,1,1783.68
100291,11/05/2024,146,Екатеринбург,email,Дом,3895.68,1,3895.68
101351,16.11.2024,694,Санкт-Петербург,ads,Дом,2205.47,1,2205.47
102164,2024/12/08,1099,Москва,referral,Красота,670.47,2,1340.94
101993,2025-01-24 19:32:30,1024,Краснодар,email,Одежда,1633.29,1,1633.29
100327,12/25/2024,167,Казань,organic,Красота,3550.32,5,17751.6
100579,2024-11-16 18:01:30,292,Санкт-Петербург,ads,Одежда,4653.47,1,4653.47
100335,2024/10/16,173,Екатеринбург,referral,Красота,4845.83,3,14537.49
101867,08.02.2024,960,Санкт-Петербург,social,Дом,983.08,1,983.08
101559,2025-01-05 22:33:08,802,Екатеринбург,organic,Одежда,2494.05,2,4988.1
102269,13.11.2024,1152,Краснодар,organic,Дом,7460.69,1,7460.69
101216,2024/11/04,624,Краснодар,referral,Электроника,5042.74,1,5042.74
101344,03.12.2024,693,Новосибирск,email,Дом,2457.41,1,2457.41
101185,22.03.2024,604,,referral,Дом,4649.63,1,4649.63
100507,19.06.2024,261,Новосибирск,email,Дом,6302.58,1,6302.58
100491,2024/11/07,251,Казань,email,Электроника,9712.6,1,9712.6
100747,2025-03-09 16:28:02,378,Новосибирск,social,Одежда,4866.52,1,4866.52
100506,2025-02-09 08:35:24,260,Санкт-Петербург,referral,Электроника,22311.16,1,22311.16
101927,2025-01-14 08:00:13,988,Краснодар,referral,Электроника,6286.3,5,31431.5
101118,2024-07-14 10:59:47,567,,email,Книги,2227.85,4,8911.4
100308,2024-12-26 17:14:40,158,Новосибирск,ads,Красота,4764.01,1,4764.01
101446,2024/12/31,749,Екатеринбург,organic,Красота,3554.04,3,10662.12
100901,2024-07-13 14:31:43,450,Санкт-Петербург,email,Книги,433.75,5,2168.75
102149,12/25/2024,1093,Москва,email,Дом,2768.65,5,13843.25
100865,2024/06/24,432,Москва,social,Электроника,14135.26,1,14135.26
100713,11.11.2024,363,Москва,social,Дом,5576.96,1,5576.96
101205,2024-07-22 19:16:16,617,Санкт-Петербург,organic,Спорт,3272.81,1,3272.81
102014,2025/01/13,1031,Санкт-Петербург,organic,Электроника,10003.5,2,20007.0
101105,12/16/2024,561,Санкт-Петербург,social,Красота,958.8,1,958.8
101319,2025/04/05,677,Казань,organic,Спорт,3882.54,1,3882.54
100731,09/27/2024,369,Краснодар,email,Книги,1441.68,1,1441.68
100524,30.04.2025,272,Краснодар,email,Дом,7417.1,1,7417.1
100389,21.03.2025,202,Москва,email,Одежда,3596.32,2,7192.64
100768,11/02/2024,387,Казань,referral,Спорт,6139.81,2,12279.62
100425,14.06.2025,222,Казань,ads,Одежда,5222.95,4,20891.8
101099,2025-02-07 20:34:45,557,Новосибирск,ads,Спорт,894.5,1,894.5
100682,2025-02-08 10:57:35,345,Казань,ads,Книги,1663.25,1,1663.25
100058,2024-12-28 18:38:51,24,Казань,organic,Спорт,11338.62,1,11338.62
100658,13.06.2024,334,Москва,ads,Спорт,3716.36,1,3716.36
101474,2024-11-20 16:35:49,760,Казань,ads,Электроника,24330.84,3,72992.52
100086,11/21/2024,38,Новосибирск,ads,Одежда,5251.27,44,231055.88
100976,2025/02/23,490,Новосибирск,organic,Электроника,24078.14,1,24078.14
100135,12/24/2024,62,Санкт-Петербург,social,Дом,1111.26,2,2222.52
100848,2024-04-01 17:59:12,427,Казань,referral,Дом,1367.67,1,1367.67
101324,03.03.2024,680,Санкт-Петербург,referral,Красота,3510.33,54,189557.82
102293,05/30/2024,1166,Казань,ads,Красота,4618.18,2,9236.36
101360,2024/12/07,703,Москва,referral,Спорт,5010.06,53,265533.18
100414,12/05/2024,217,Санкт-Петербург,social,Красота,3553.72,4,14214.88
101068,21.07.2024,541,Москва,email,Книги,-2463.15,1,-2463.15
101460,2024-12-01 14:37:40,753,Новосибирск,email,Книги,938.43,5,4692.15
101508,2024-06-11 08:10:23,776,Казань,ads,Красота,2386.38,2,4772.76
102261,2025/05/18,1148,Новосибирск,ads,Дом,6151.33,1,6151.33
100730,2024/11/16,368,Краснодар,social,Красота,2358.18,1,2358.18
100899,2024-12-21 15:40:45,450,Новосибирск,organic,Одежда,2974.71,2,5949.42
100790,07/11/2024,397,Новосибирск,social,Дом,6439.36,1,6439.36
101704,2025/01/30,881,Краснодар,ads,Дом,2209.82,1,2209.82
102107,25.11.2024,1070,Краснодар,organic,Красота,4165.74,2,8331.48
100963,11/17/2024,484,Краснодар,referral,Спорт,10917.14,1,10917.14
101170,04/03/2024,596,Казань,social,Одежда,3760.39,1,3760.39
101165,06/11/2024,592,Екатеринбург,ads,Электроника,15556.39,1,15556.39
100175,2024-09-27 20:25:23,83,Новосибирск,organic,Электроника,21637.79,1,21637.79
102015,11/11/2024,1031,Новосибирск,organic,Одежда,4106.79,3,12320.37
100866,17.05.2025,433,Краснодар,organic,Красота,2856.87,1,2856.87
101060,12/20/2024,535,Краснодар,referral,Красота,2313.46,2,4626.92
101637,12/22/2024,849,Санкт-Петербург,ads,Электроника,5661.05,2,11322.1
100869,2024/05/26,433,Краснодар,ads,Дом,5573.94,4,22295.76
100798,26.05.2024,400,Казань,referral,Красота,2511.2,1,2511.2
102168,2025/02/21,1101,Казань,email,Спорт,9816.81,2,19633.62
102137,01/12/2024,1085,Краснодар,social,Красота,1167.91,3,3503.73
100219,2024-11-17 08:53:54,104,Краснодар,organic,Красота,4056.89,1,4056.89
101924,2025-02-13 17:57:03,986,Казань,,Одежда,5798.13,1,5798.13
100893,2024-12-16 08:32:27,446,Екатеринбург,organic,Электроника,11367.76,1,11367.76
101816,2024-12-31 21:28:59,935,Москва,referral,Электроника,23350.01,2,46700.02
101438,2024/12/04,743,Казань,ads,Книги,2256.17,3,6768.51
100991,07.12.2024,500,Краснодар,referral,Дом,3391.82,1,3391.82
100419,03/12/2025,220,Казань,referral,Дом,3566.34,1,3566.34
102248,2024/11/09,1138,Новосибирск,organic,Дом,4816.51,1,4816.51
101820,01/28/2024,938,Санкт-Петербург,referral,Одежда,3494.11,1,3494.11
102361,03/19/2025,1198,Казань,referral,Дом,885.49,1,885.49
101422,2024-06-24 16:52:01,734,,ads,Одежда,2077.36,1,2077.36
101080,2024-10-12 09:22:51,543,Краснодар,ads,Дом,1151.48,1,1151.48
101242,02/11/2024,640,Новосибирск,social,Красота,1970.34,1,1970.34
100830,11/21/2024,419,Краснодар,social,Книги,2393.91,3,7181.73
100211,05/27/2024,99,Новосибирск,social,Спорт,3422.94,1,3422.94
101346,2024/12/18,693,Краснодар,email,Книги,582.78,4,2331.12
101619,2024/07/04,837,Краснодар,referral,Красота,800.62,1,800.62
102092,2024/02/05,1062,Санкт-Петербург,,Дом,2442.86,1,2442.86
101820,01/28/2024,938,Санкт-Петербург,referral,Одежда,3494.11,1,3494.11
100317,2024/12/12,162,Новосибирск,,Красота,1619.02,2,3238.04
100077,2025/05/18,36,Екатеринбург,organic,Дом,1861.17,1,1861.17
101246,05/14/2025,641,Москва,social,Спорт,8221.6,1,8221.6
100187,2024-12-18 19:17:08,89,Казань,social,Дом,7430.07,2,14860.14
101882,06.02.2024,967,Екатеринбург,organic,Электроника,21984.98,1,21984.98
100538,2024/08/25,276,,email,Красота,3666.99,1,3666.99
101125,11/24/2024,569,Москва,referral,Спорт,-10166.2,2,-20332.4
100924,02.11.2024,463,Новосибирск,organic,Книги,2438.0,4,9752.0
101671,07/12/2024,867,Москва,organic,Красота,831.01,3,2493.03
101722,2025-05-07 09:00:35,889,Екатеринбург,ads,Книги,1777.24,1,1777.24
101225,12/20/2024,630,Новосибирск,social,Электроника,9851.48,1,9851.48
102231,2025-03-29 17:44:38,1130,Санкт-Петербург,social,Одежда,5462.84,1,5462.84
100917,2024/12/08,459,Казань,referral,Книги,632.43,1,632.43
101946,03/10/2024,1000,Санкт-Петербург,organic,Книги,1476.89,1,1476.89
100782,2025-05-21 17:25:40,395,Санкт-Петербург,ads,Книги,1827.92,2,3655.84
100651,10.04.2024,332,Екатеринбург,email,Дом,3333.03,1,3333.03
101058,2024-11-02 19:16:16,534,Краснодар,referral,Одежда,4359.1,3,13077.3
100826,2025-01-17 12:41:37,418,Новосибирск,organic,Спорт,11325.22,5,56626.1
101856,2024/04/27,957,Екатеринбург,social,Спорт,2158.7,2,4317.4
102032,27.10.2024,1035,Казань,organic,Книги,2183.77,1,2183.77
101310,14.10.2024,674,Новосибирск,organic,Книги,1515.11,1,1515.11
101279,24.07.2024,656,Екатеринбург,email,Книги,1844.85,1,1844.85
100087,2024-12-05 21:54:28,38,Казань,email,Спорт,11602.52,1,11602.52
102030,01/04/2024,1035,Екатеринбург,email,Красота,4782.48,1,4782.48
101918,10.01.2024,982,Казань,social,Одежда,3932.19,2,7864.38
101036,2025-05-27 17:03:34,522,Казань,email,Книги,1565.78,3,4697.34
102336,10/20/2024,1188,Санкт-Петербург,social,Одежда,2484.7,1,2484.7
102119,05/27/2024,1077,Екатеринбург,email,Спорт,11605.52,4,46422.08
100939,2024/03/30,473,Санкт-Петербург,organic,Дом,4603.52,5,23017.6
100636,2024/12/04,324,Краснодар,email,Дом,5785.48,1,5785.48
100978,2024/11/25,492,Казань,ads,Красота,1912.8,1,1912.8
100445,2024/10/25,229,Новосибирск,referral,Одежда,2586.85,1,2586.85
101323,02.05.2025,680,Новосибирск,referral,Спорт,4320.58,1,4320.58
102087,02/18/2024,1060,Москва,ads,Электроника,21089.42,1,21089.42
100563,2025-04-04 13:33:43,285,Москва,social,Спорт,834.05,4,3336.2
100212,21.03.2024,100,Москва,referral,Спорт,3444.3,1,3444.3
101341,2024/03/01,692,Екатеринбург,social,Дом,5839.31,1,5839.31
101300,2024/08/20,667,Санкт-Петербург,email,Спорт,8730.75,1,8730.75
101070,01.02.2025,541,Краснодар,referral,Электроника,5912.31,3,17736.93
100392,2024/10/23,203,Новосибирск,,Электроника,10869.4,1,10869.4
100677,09/29/2024,345,Санкт-Петербург,social,Электроника,7938.65,1,7938.65
101935,2024/10/28,992,Новосибирск,email,Одежда,5645.72,2,11291.44
100438,16.01.2025,227,Казань,ads,Спорт,5490.55,1,5490.55
101408,30.09.2024,724,Москва,social,Одежда,4015.22,1,4015.22
100156,29.10.2024,73,Краснодар,email,Дом,1269.48,1,1269.48
100697,2025/05/04,356,Санкт-Петербург,social,Спорт,5642.12,4,22568.48
101043,16.02.2024,526,Москва,organic,Электроника,7996.77,2,15993.54
101831,01.11.2024,944,Казань,referral,Дом,3476.15,2,6952.3
102266,2025/06/18,1152,Краснодар,social,Красота,1131.25,1,1131.25
101967,17.12.2024,1013,Санкт-Петербург,referral,Спорт,9260.04,1,9260.04
100240,03/09/2025,115,Казань,email,Одежда,2113.94,1,2113.94
102178,18.05.2024,1105,Москва,social,Дом,1698.27,2,3396.54
100496,05/28/2025,255,Москва,social,Дом,5189.23,1,5189.23
100557,2024-01-28 09:08:32,284,Екатеринбург,referral,Книги,413.56,5,2067.8
101877,06.07.2024,964,Казань,email,Спорт,1896.34,2,3792.68
100578,02/13/2024,292,Краснодар,social,Электроника,3814.94,1,3814.94
100126,21.03.2024,55,Екатеринбург,ads,Одежда,3065.52,1,3065.52
100140,01.09.2024,65,Екатеринбург,social,Красота,4005.48,1,4005.48
101963,13.01.2024,1009,Краснодар,email,Электроника,19599.97,1,19599.97
100523,2024-12-07 19:36:39,271,Санкт-Петербург,,Дом,6252.74,1,6252.74
101950,11.02.2025,1002,Новосибирск,ads,Спорт,9088.07,4,36352.28
100074,10/22/2024,34,Екатеринбург,social,Книги,1947.71,1,1947.71
102115,01/12/2024,1076,Новосибирск,ads,Дом,4772.99,1,4772.99
101492,2025/04/14,768,Санкт-Петербург,referral,Электроника,20190.65,3,60571.95
100284,2024-11-06 11:51:33,143,Новосибирск,organic,Красота,1871.7,3,5615.1
102091,20.03.2024,1062,Казань,organic,Одежда,3894.11,1,3894.11
101182,11.05.2025,602,Новосибирск,email,Дом,4425.03,1,4425.03
101973,2024/11/27,1016,Новосибирск,referral,Электроника,16715.94,2,33431.88
101503,05.04.2024,774,Москва,email,Дом,7426.75,2,14853.5
101073,01/13/2025,542,Санкт-Петербург,social,Книги,484.34,3,1453.02
100444,06/20/2024,229,Москва,organic,Спорт,7838.35,1,7838.35
102060,2024-11-03 08:20:01,1044,Екатеринбург,email,Спорт,8755.94,1,8755.94
101798,2024/05/20,927,Екатеринбург,ads,Одежда,2129.78,2,4259.56
101108,01.12.2024,563,Новосибирск,organic,Одежда,5668.25,4,22673.0
100123,2025/01/24,54,Москва,email,Спорт,9141.26,1,9141.26
102233,2024-11-14 22:46:32,1131,Новосибирск,email,Одежда,3362.37,1,3362.37
101451,2024-11-19 22:07:09,749,Новосибирск,ads,Одежда,2051.54,1,2051.54
102096,28.01.2024,1064,Москва,ads,Спорт,2194.57,3,6583.71
101970,2024-04-13 11:25:43,1015,Краснодар,ads,Дом,3100.38,3,9301.14
101466,10/26/2024,756,Санкт-Петербург,ads,Красота,3762.68,1,3762.68
101087,10/21/2024,548,Москва,ads,Дом,1224.0,1,1224.0
101843,03/11/2024,952,Новосибирск,referral,Электроника,6184.1,1,6184.1
101612,2024-11-05 18:56:52,832,Екатеринбург,referral,Дом,3293.78,1,3293.78
100707,12/16/2024,361,Санкт-Петербург,organic,Красота,3061.84,2,6123.68
100974,11/24/2024,489,Новосибирск,social,Спорт,1862.71,2,3725.42
100225,2024-12-05 21:06:57,107,Санкт-Петербург,ads,Электроника,13996.88,1,13996.88
100802,2024-08-10 14:48:35,401,Екатеринбург,organic,Дом,5499.93,1,5499.93
100598,01/25/2024,303,Санкт-Петербург,referral,Красота,1802.25,20,36045.0
100680,2024/08/05,345,Москва,organic,Дом,7807.99,1,7807.99
101841,2024/11/21,952,Санкт-Петербург,organic,Книги,1345.34,1,1345.34
100222,2025-03-16 22:11:06,105,Казань,ads,Электроника,14048.75,2,28097.5
100159,14.01.2025,75,Казань,referral,Электроника,16312.09,2,32624.18
102276,01/13/2025,1155,Санкт-Петербург,,Книги,427.77,1,427.77
102176,08/10/2024,1105,Екатеринбург,ads,Дом,5983.17,1,5983.17
101823,02/05/2024,941,Москва,social,Спорт,5523.08,1,5523.08
101338,18.07.2024,691,Краснодар,social,Книги,1049.67,2,2099.34
101690,02/15/2024,875,Краснодар,organic,Красота,4672.24,3,14016.72
100103,05/18/2024,43,Казань,,Электроника,5138.22,3,15414.66
100767,19.11.2024,386,Краснодар,social,Спорт,6544.51,1,6544.51
100441,12/16/2024,228,Краснодар,referral,Книги,404.96,1,404.96
101906,2024/11/25,979,Санкт-Петербург,social,Спорт,2830.64,1,2830.64
100901,2024-07-13 14:31:43,450,Санкт-Петербург,email,Книги,433.75,5,2168.75
101860,02/06/2025,957,Санкт-Петербург,referral,Красота,4373.36,1,4373.36
100192,12/09/2024,90,Санкт-Петербург,social,Дом,4759.71,1,4759.71
101932,02/14/2024,991,Казань,email,Дом,1486.45,1,1486.45
101564,11.02.2024,805,Москва,organic,Дом,6873.23,1,6873.23
100757,24.11.2024,381,Казань,referral,Одежда,4231.16,1,4231.16
101274,2024-06-30 21:52:28,654,Казань,organic,Спорт,8681.95,3,26045.85
100536,01.04.2025,275,Краснодар,social,Электроника,12382.25,1,12382.25
102084,2024-09-04 08:34:14,1060,Краснодар,email,Книги,913.0,1,913.0
100385,2025-05-01 21:48:41,199,Москва,referral,Дом,3205.98,1,3205.98
101776,2024/01/09,916,Казань,ads,Красота,4098.89,1,4098.89
100233,05.09.2024,112,Санкт-Петербург,referral,Спорт,9504.61,2,19009.22
100107,2024/07/31,43,Санкт-Петербург,social,Одежда,4892.29,1,4892.29
101708,27.03.2024,881,Санкт-Петербург,referral,Красота,3762.47,1,3762.47
101465,12/03/2024,755,Москва,organic,Книги,1896.59,1,1896.59
101164,05/14/2024,592,Санкт-Петербург,ads,Спорт,11883.39,1,11883.39
100574,2025-01-02 12:25:03,290,,social,Красота,4162.69,1,4162.69
100859,04/01/2024,431,Екатеринбург,email,Красота,4959.35,2,9918.7
101951,2025-03-16 22:21:03,1003,Краснодар,organic,Книги,865.3,1,865.3
100759,2024-12-16 13:33:48,383,Краснодар,ads,Дом,3744.11,5,18720.55
101152,02/06/2024,584,Санкт-Петербург,ads,Электроника,12828.94,1,12828.94
100050,01/21/2024,21,Москва,referral,Спорт,10924.67,1,10924.67
100273,02/25/2024,134,Москва,ads,Одежда,4688.79,1,4688.79
101228,2024-02-05 20:24:40,631,Санкт-Петербург,ads,Красота,1068.02,2,2136.04
101876,04/14/2024,964,Екатеринбург,referral,Дом,5454.15,1,5454.15
101796,17.03.2025,926,Краснодар,ads,Дом,2753.77,1,2753.77
100891,15.04.2024,445,Казань,ads,Спорт,2942.06,2,5884.12
101825,15.08.2024,943,Краснодар,organic,Электроника,6431.36,1,6431.36
102200,12/12/2024,1115,Санкт-Петербург,ads,Электроника,5117.47,1,5117.47
100084,01.11.2024,38,Новосибирск,social,Дом,6654.12,1,6654.12
101243,2025-05-13 11:33:06,640,Краснодар,social,Одежда,5356.46,2,10712.92
101991,2024-12-16 17:20:01,1024,,email,Электроника,15567.31,1,15567.31
101387,2025-01-12 09:26:30,712,Екатеринбург,email,Красота,2377.88,2,4755.76
101311,11/19/2024,675,Казань,social,Одежда,5377.21,1,5377.21
100688,2024-10-06 18:37:13,351,Казань,social,Одежда,5141.76,2,10283.52
102120,02/26/2024,1077,Екатеринбург,ads,Электроника,23316.32,2,46632.64
102078,05/16/2025,1056,Санкт-Петербург,organic,Спорт,10080.49,2,20160.98
101977,2024/10/11,1019,Екатеринбург,referral,Одежда,3429.41,2,6858.82
102167,02/13/2025,1101,Москва,email,Книги,1112.77,4,4451.08
101429,2025-01-15 15:08:26,739,Санкт-Петербург,ads,Спорт,5211.4,2,10422.8
100176,2024-12-25 16:17:52,83,Санкт-Петербург,organic,Книги,1536.0,1,1536.0
101307,2024/02/24,673,Санкт-Петербург,ads,Электроника,3472.25,29,100695.25
101516,04/01/2024,778,Краснодар,social,Одежда,1526.5,2,3053.0
101483,16.04.2024,764,Санкт-Петербург,social,Одежда,1762.67,4,7050.68
101022,2025-05-19 12:25:24,512,Новосибирск,email,Дом,2670.87,1,2670.87
100831,06/18/2024,420,Казань,referral,Книги,2301.89,3,6905.67
101240,2024-11-22 12:48:20,639,Краснодар,organic,Красота,3802.41,4,15209.64
101107,2024/07/28,563,Новосибирск,email,Одежда,1535.89,1,1535.89
101416,2024/12/12,730,Новосибирск,ads,Электроника,13801.06,2,27602.12
102126,21.01.2024,1079,Санкт-Петербург,referral,Дом,1250.65,1,1250.65
102194,2025-02-07 20:47:46,1113,Санкт-Петербург,social,Электроника,17981.4,1,17981.4
101044,24.12.2024,527,Казань,email,Спорт,2740.71,1,2740.71
101618,12/12/2024,837,Новосибирск,social,Книги,838.45,1,838.45
101940,06.12.2024,996,Краснодар,referral,Красота,3505.49,1,3505.49
100047,10.10.2024,21,Екатеринбург,email,Спорт,3628.86,1,3628.86
100781,2025/06/05,395,Краснодар,referral,Спорт,9189.78,2,18379.56
101181,03.05.2025,602,Казань,social,Красота,4403.07,1,4403.07
101384,2024-12-05 18:09:53,711,Санкт-Петербург,email,Дом,6901.66,1,6901.66
102304,27.06.2024,1171,Санкт-Петербург,ads,Красота,2213.12,1,2213.12
102024,01.04.2024,1033,Санкт-Петербург,social,Книги,615.31,1,615.31
102306,2024/04/06,1172,Санкт-Петербург,referral,Спорт,4746.34,2,9492.68
102309,2024/12/24,1173,Екатеринбург,social,Одежда,3346.0,1,3346.0
101542,2025-02-05 20:22:08,794,Москва,referral,Электроника,22410.19,2,44820.38
100420,27.07.2024,220,Екатеринбург,,Книги,906.23,2,1812.46
100417,10.04.2024,219,,referral,Дом,4917.86,2,9835.72
101113,26.11.2024,565,Санкт-Петербург,ads,Книги,1630.51,5,8152.55
101782,01/19/2025,919,Санкт-Петербург,social,Красота,3177.82,1,3177.82
101976,2024-02-15 14:16:44,1019,Казань,ads,Электроника,15657.58,1,15657.58
101584,2024-04-17 14:36:09,816,Казань,ads,Дом,4543.06,1,4543.06
100519,2024/03/30,269,Новосибирск,social,Красота,4905.01,1,4905.01
101674,02.12.2024,867,Санкт-Петербург,email,Дом,7285.41,1,7285.41
100795,2024-12-22 16:04:29,397,Екатеринбург,social,Одежда,1161.35,5,5806.75
100260,12/27/2024,129,Новосибирск,ads,Красота,983.69,3,2951.07
100550,22.12.2024,282,Краснодар,email,Красота,977.53,1,977.53
101881,2024-08-29 19:35:26,966,Краснодар,organic,Книги,1307.36,1,1307.36
101031,15.12.2024,517,Краснодар,ads,Электроника,18371.97,1,18371.97
102291,2025-03-09 14:19:52,1164,Москва,,Электроника,23129.55,5,115647.75
101061,2024-02-15 10:58:37,536,Москва,social,Дом,5164.37,1,5164.37
101819,06/17/2024,937,Казань,referral,Красота,3592.99,1,3592.99
101475,26.11.2024,761,Екатеринбург,social,Книги,2491.5,2,4983.0
102257,2024-11-26 19:21:46,1145,Казань,social,Дом,1654.12,1,1654.12
101826,09/25/2024,944,Санкт-Петербург,referral,Красота,4051.28,2,8102.56
100101,2024/08/27,43,Казань,ads,Красота,4725.34,1,4725.34
101723,2024/03/04,889,Екатеринбург,ads,Дом,3377.87,1,3377.87
101944,2024-02-07 15:32:34,998,Санкт-Петербург,ads,Дом,6855.54,2,13711.08
102125,2024-02-16 22:27:51,1079,Новосибирск,referral,Дом,5033.04,1,5033.04
100056,2025/04/29,23,Екатеринбург,ads,Электроника,16669.38,1,16669.38
100311,05.05.2025,160,Санкт-Петербург,email,Спорт,4668.91,1,4668.91
102163,2024/08/16,1098,Казань,email,Электроника,23653.33,1,23653.33
101626,12/06/2024,842,Казань,organic,Дом,2353.51,1,2353.51
101809,2024-07-04 22:52:18,930,Краснодар,referral,Красота,3107.11,1,3107.11
102224,2024/04/12,1126,Новосибирск,email,Книги,883.79,3,2651.37
100138,12/25/2024,63,Санкт-Петербург,ads,Дом,6833.21,1,6833.21
100232,2024/11/12,111,Новосибирск,organic,Спорт,5771.93,1,5771.93
102299,12/27/2024,1169,Краснодар,organic,Красота,4236.99,1,4236.99
100411,05.11.2024,214,,ads,Одежда,4165.75,1,4165.75
100874,07/04/2024,436,Новосибирск,social,Одежда,2453.58,2,4907.16
102124,2025-02-01 15:26:57,1079,Новосибирск,ads,Спорт,2719.05,1,2719.05
101655,03.05.2024,859,Казань,email,Книги,858.27,1,858.27
102007,2025-05-18 19:09:55,1029,Екатеринбург,referral,Одежда,1142.77,1,1142.77
101606,2024-05-04 16:30:35,828,Казань,ads,Спорт,5027.14,1,5027.14
101768,2024/05/08,911,Екатеринбург,social,Спорт,6360.78,2,12721.56
101739,14.12.2024,894,Санкт-Петербург,ads,Электроника,23638.13,1,23638.13
100288,2024-03-02 10:45:17,145,Москва,ads,Книги,2462.85,1,2462.85
101375,03/14/2024,708,Екатеринбург,ads,Книги,2059.86,1,2059.86
102101,28.12.2024,1066,Краснодар,social,Электроника,13595.59,1,13595.59
101291,2025-01-14 10:28:38,662,Краснодар,social,Красота,4109.48,1,4109.48
102059,03/13/2024,1044,Краснодар,referral,Электроника,6241.92,1,6241.92
100404,18.06.2024,210,Казань,social,Книги,323.3,1,323.3
100810,26.11.2024,406,Краснодар,ads,Электроника,10416.57,1,10416.57
100025,2025/06/19,15,Санкт-Петербург,referral,Электроника,12222.95,1,12222.95
100912,2024-11-09 10:40:38,456,Москва,organic,Электроника,-19795.81,2,-39591.62
101495,2025/06/05,770,Казань,referral,Спорт,3173.26,4,12693.04
101569,04/04/2025,808,Краснодар,ads,Дом,3430.53,1,3430.53
100820,12.03.2024,414,Санкт-Петербург,organic,Красота,427.8,3,1283.4
101000,01/10/2024,503,Санкт-Петербург,email,Дом,7109.43,1,7109.43
100809,25.07.2024,405,Москва,organic,Книги,310.26,2,620.52
101890,11/20/2024,971,Новосибирск,referral,Одежда,5727.67,1,5727.67
101120,2025/05/05,567,Краснодар,organic,Книги,900.66,2,1801.32
100132,17.12.2024,60,Москва,ads,Одежда,5780.16,1,5780.16
100649,2024-12-19 09:58:44,330,Екатеринбург,organic,Дом,3589.47,1,3589.47
100553,2025-05-09 09:37:30,283,Санкт-Петербург,social,Книги,1107.33,5,5536.65
101441,05.03.2025,745,Казань,email,Книги,1098.58,2,2197.16
101431,2024/12/03,739,Казань,ads,Дом,3160.81,1,3160.81
101163,11/20/2024,591,,referral,Дом,6131.43,1,6131.43
101898,2024-11-12 20:08:53,976,Москва,email,Дом,4672.04,1,4672.04
100230,2024-12-26 11:45:04,109,Екатеринбург,ads,Книги,2370.51,1,2370.51
100640,2024/10/06,327,Новосибирск,social,Спорт,8894.77,1,8894.77
101822,21.10.2024,940,Екатеринбург,ads,Книги,1627.46,47,76490.62
100791,2024/05/11,397,Екатеринбург,ads,Электроника,11243.4,1,11243.4
100996,2024-02-06 11:04:34,501,Екатеринбург,ads,Электроника,7830.75,1,7830.75
100590,2024/11/29,296,Санкт-Петербург,organic,Одежда,4551.3,1,4551.3
101855,18.06.2025,956,Санкт-Петербург,organic,Красота,4701.82,5,23509.1
102074,2025/04/05,1054,Санкт-Петербург,referral,Красота,785.52,4,3142.08
100384,2024/06/12,198,Санкт-Петербург,ads,Одежда,3507.15,2,7014.3
100549,12/27/2024,282,Санкт-Петербург,referral,Книги,764.68,1,764.68
100943,11/10/2024,473,Москва,ads,Красота,4036.72,2,8073.44
100834,2024-07-09 11:31:11,420,Новосибирск,social,Красота,2382.37,1,2382.37
100100,2024/09/27,43,Казань,email,Дом,1177.27,1,1177.27
101880,2024-03-19 09:08:05,966,Москва,organic,Одежда,4061.45,1,4061.45
100213,11.07.2024,101,Новосибирск,ads,Книги,1626.43,3,4879.29
101194,20.12.2024,610,Екатеринбург,ads,Одежда,2397.44,1,2397.44
100477,2025/01/15,247,Казань,ads,Книги,2481.22,1,2481.22
102305,03/15/2024,1171,Казань,ads,Дом,5102.89,1,5102.89
100561,09/27/2024,285,Новосибирск,email,Красота,4272.43,1,4272.43
101900,02/12/2025,977,Краснодар,ads,Спорт,7907.21,1,7907.21
102019,2025/05/27,1031,Санкт-Петербург,email,Спорт,2290.34,1,2290.34
101413,2025-03-28 13:09:45,728,Казань,email,Спорт,6435.42,1,6435.42
101176,2024-11-26 15:13:16,598,Екатеринбург,organic,Красота,1177.19,1,1177.19
100026,2024/11/03,16,Санкт-Петербург,referral,Красота,3369.3,1,3369.3
101891,2024-01-18 22:25:22,972,Санкт-Петербург,social,Одежда,5542.65,1,5542.65
102022,2024-01-19 21:57:25,1033,Москва,organic,Красота,4882.94,1,4882.94
101199,26.01.2025,612,Казань,social,Дом,677.59,1,677.59
102252,2025/06/19,1141,Новосибирск,referral,Дом,2979.08,2,5958.16
100604,2024-10-26 13:51:43,307,Санкт-Петербург,email,Электроника,13343.6,1,13343.6
100763,2025-03-25 18:28:37,385,Москва,organic,Книги,2047.04,4,8188.16
100018,2024-12-26 14:12:06,10,Краснодар,email,Красота,2632.91,1,2632.91
101521,11/17/2024,783,Москва,organic,Дом,4260.62,2,8521.24
101791,2024-03-16 14:55:38,923,Санкт-Петербург,social,Книги,497.25,2,994.5
101234,2024/08/15,635,Казань,social,Книги,728.73,3,2186.19
100452,05/19/2024,232,Новосибирск,referral,Дом,579.17,1,579.17
102347,04.02.2024,1191,Екатеринбург,referral,Одежда,3751.97,1,3751.97
100299,2025/01/02,151,Новосибирск,,Электроника,24766.88,2,49533.76
100568,2024/07/08,286,Новосибирск,organic,Красота,3913.75,2,7827.5
101104,03/24/2024,560,Санкт-Петербург,organic,Красота,2621.78,1,2621.78
101055,12/27/2024,531,Новосибирск,organic,Дом,5444.22,2,10888.44
102325,2024/02/17,1183,Казань,referral,Спорт,2280.17,1,2280.17
101806,2024-06-30 13:01:34,930,Казань,referral,Одежда,5510.91,1,5510.91
100090,2024-04-12 19:19:57,41,Москва,referral,Спорт,11755.22,2,23510.44
101309,2024-06-12 10:10:26,673,Казань,social,Дом,2774.3,3,8322.9
100948,03/24/2024,476,Казань,ads,Электроника,6118.23,1,6118.23
100735,11/14/2024,371,Екатеринбург,email,Красота,2648.45,1,2648.45
102286,2024/08/15,1161,Москва,referral,Книги,1627.71,3,4883.13
101712,11/17/2024,882,Новосибирск,email,Одежда,2521.33,1,2521.33
101833,2024/08/22,945,Новосибирск,organic,Книги,2026.0,2,4052.0
100518,03.12.2024,268,Казань,,Одежда,1434.52,3,4303.56
101728,2024-12-25 17:30:02,892,Екатеринбург,social,Дом,511.89,1,511.89
100223,09/30/2024,106,Казань,ads,Книги,1458.2,3,4374.6
100586,2024-02-08 19:31:39,293,,referral,Спорт,3403.57,1,3403.57
100450,06/30/2024,232,Казань,social,Спорт,2226.8,4,8907.2
101368,12/21/2024,704,Екатеринбург,referral,Книги,620.53,2,1241.06
101570,05/18/2025,809,Москва,ads,Дом,645.97,2,1291.94
101340,2025-04-18 22:46:17,691,Новосибирск,email,Книги,1007.64,1,1007.64
101716,2025-06-24 10:56:56,886,Екатеринбург,referral,Книги,1574.42,5,7872.1
100531,2024-11-22 21:38:55,275,Екатеринбург,email,Спорт,5079.75,3,15239.25
101693,2024/02/18,875,Краснодар,social,Книги,2436.8,1,2436.8
100024,10.03.2024,14,Казань,social,Книги,476.25,1,476.25
101290,16.11.2024,661,Москва,email,Одежда,5741.09,1,5741.09
102204,05/12/2025,1117,Санкт-Петербург,ads,Книги,899.06,3,2697.18
102230,2025/05/09,1130,Екатеринбург,referral,Книги,628.57,2,1257.14
101257,10/27/2024,645,Москва,ads,Спорт,1870.97,4,7483.88
102189,2024/11/22,1110,Москва,referral,Красота,2963.87,2,5927.74
100493,2024/11/03,252,Москва,organic,Дом,2005.22,2,4010.44
102199,15.10.2024,1115,Новосибирск,email,Книги,1838.44,1,1838.44
102259,05/11/2025,1146,Санкт-Петербург,referral,Красота,704.58,2,1409.16
101142,2024/09/05,577,Санкт-Петербург,email,Спорт,8253.34,3,24760.02
100675,2024/11/02,345,,organic,Красота,1452.05,1,1452.05
100655,28.02.2025,333,Москва,social,Спорт,8197.06,1,8197.06
101745,2024-11-17 08:30:16,899,Казань,social,Электроника,13172.26,3,39516.78
101203,2024/12/01,615,Краснодар,organic,Одежда,3721.55,1,3721.55
102095,07/16/2024,1064,Санкт-Петербург,social,Книги,726.01,2,1452.02
101808,01.11.2024,930,Санкт-Петербург,referral,Книги,1138.83,1,1138.83
101066,10.05.2025,540,Казань,ads,Книги,468.18,1,468.18
101683,2024/01/23,871,Новосибирск,ads,Книги,1424.3,1,1424.3
101923,11.06.2025,985,Москва,organic,Дом,574.07,2,1148.14
101581,01/24/2024,813,Новосибирск,organic,Книги,1950.6,4,7802.4
101287,10/11/2024,658,Екатеринбург,social,Электроника,12149.52,1,12149.52
102357,28.12.2024,1196,Новосибирск,organic,Книги,2066.61,1,2066.61
101497,2024-07-06 16:00:09,771,Екатеринбург,social,Дом,6572.83,2,13145.66
102003,02.10.2024,1028,Новосибирск,social,Электроника,22972.8,1,22972.8
101020,08/28/2024,512,Краснодар,social,Спорт,6166.03,1,6166.03
102197,2024/11/07,1114,,social,Одежда,4556.35,1,4556.35
101415,2024/03/07,730,Екатеринбург,email,Электроника,18102.83,1,18102.83
101295,2024/01/18,665,Екатеринбург,organic,Электроника,18064.78,1,18064.78
101146,2024-12-06 10:25:43,579,Новосибирск,organic,Дом,2833.19,2,5666.38
100750,2025/05/31,380,Краснодар,referral,Дом,7087.09,1,7087.09
101999,12/27/2024,1026,Новосибирск,organic,Одежда,4306.9,1,4306.9
100178,30.04.2025,83,Екатеринбург,social,Электроника,3856.11,2,7712.22
100261,2025-01-19 18:50:56,129,Новосибирск,social,Книги,1691.28,2,3382.56
101511,04/04/2025,776,Екатеринбург,referral,Книги,1472.27,1,1472.27
100903,2024-11-06 12:45:17,451,Санкт-Петербург,ads,Книги,1857.06,1,1857.06
101824,06/01/2025,942,,organic,Книги,1395.24,4,5580.96
101766,12/13/2024,910,Новосибирск,social,Одежда,5528.37,2,11056.74
100754,2025-01-14 15:00:14,381,Екатеринбург,referral,Красота,4925.46,1,4925.46
101200,2024-11-29 19:37:30,613,Краснодар,email,Дом,1301.26,1,1301.26
101610,20.11.2024,831,Казань,ads,Спорт,11599.25,2,23198.5
102247,2024-03-10 08:24:44,1137,Краснодар,ads,Красота,2914.62,3,8743.86
100671,30.11.2024,343,Краснодар,email,Книги,1904.31,1,1904.31
101447,10.02.2024,749,Новосибирск,email,Электроника,24918.94,1,24918.94
101589,06.02.2024,819,Санкт-Петербург,social,Красота,2910.18,1,2910.18
100125,2024-12-27 19:58:23,55,Новосибирск,organic,Дом,1363.8,1,1363.8
101126,2024/06/26,569,Екатеринбург,social,Книги,737.1,1,737.1
100403,2024-12-05 15:32:32,210,Новосибирск,referral,Спорт,8089.16,1,8089.16
100387,2025-01-18 16:28:31,200,Екатеринбург,ads,Красота,1701.01,4,6804.04
100169,10/23/2024,81,Екатеринбург,email,Спорт,7684.63,1,7684.63
100572,02.11.2024,289,Краснодар,referral,Дом,6329.28,1,6329.28
102146,23.03.2024,1093,Новосибирск,organic,Книги,690.08,3,2070.24
100862,07/08/2024,431,Москва,social,Одежда,1317.09,1,1317.09
101397,2025/04/20,717,Екатеринбург,email,Электроника,11129.46,1,11129.46
102205,01/03/2024,1117,Москва,social,Дом,5773.42,1,5773.42
101403,04.10.2024,720,Екатеринбург,social,Дом,2342.25,1,2342.25
101691,08.12.2024,875,Москва,social,Одежда,5129.12,1,5129.12
102036,2024-10-10 18:52:05,1037,Москва,social,Одежда,889.4,1,889.4
100827,2025/03/22,419,Казань,email,Спорт,11233.06,1,11233.06
102011,2025-04-15 17:02:24,1029,Казань,referral,Красота,2846.89,2,5693.78
100424,02/28/2024,222,Новосибирск,organic,Спорт,7637.81,1,7637.81
101057,2024-08-20 10:55:39,533,Санкт-Петербург,organic,Дом,2446.56,1,2446.56
101961,2024/04/17,1008,Санкт-Петербург,social,Красота,3035.15,3,9105.45
100520,12/28/2024,270,Новосибирск,ads,Дом,4440.43,5,22202.15
100855,25.02.2024,430,Казань,ads,Спорт,1799.71,1,1799.71
102173,2024/09/17,1102,Казань,ads,Спорт,839.64,1,839.64
101557,2025-03-16 16:03:26,800,Казань,email,Одежда,2331.04,1,2331.04
102058,2025-03-11 20:04:52,1044,Екатеринбург,ads,Электроника,9631.41,1,9631.41
102242,2024-08-15 12:57:24,1135,Санкт-Петербург,organic,Спорт,4051.57,1,4051.57
101792,2024/01/30,923,Москва,social,Красота,4796.62,1,4796.62
101064,2025/06/21,538,Санкт-Петербург,referral,Книги,2056.05,2,4112.1
100587,20.11.2024,293,Новосибирск,ads,Дом,3640.89,1,3640.89
100849,01/02/2024,427,Новосибирск,referral,Одежда,5237.32,4,20949.28
100300,17.12.2024,152,Санкт-Петербург,organic,Дом,4978.37,1,4978.37
100997,16.12.2024,501,Екатеринбург,referral,Книги,1838.93,1,1838.93
100609,15.12.2024,309,Краснодар,social,Одежда,3318.06,5,16590.3
101007,30.05.2024,506,Екатеринбург,email,Дом,1326.43,1,1326.43
101379,2025/01/27,710,Краснодар,email,Электроника,8627.21,1,8627.21
101858,19.03.2025,957,Краснодар,social,Одежда,852.84,1,852.84
101003,05.11.2024,505,Екатеринбург,email,Красота,1935.2,1,1935.2
100119,2024/08/08,51,Екатеринбург,referral,Красота,3312.59,1,3312.59
100165,2024-07-05 10:27:32,79,Москва,social,Дом,1462.51,3,4387.53
102297,12/31/2024,1168,Екатеринбург,social,Красота,962.73,2,1925.46
100789,08/02/2024,397,,email,Одежда,5300.42,1,5300.42
101277,2024/12/07,655,Москва,email,Красота,2950.52,1,2950.52
100624,05/18/2024,317,Краснодар,referral,Электроника,6215.02,1,6215.02
101172,2025-03-30 20:11:29,597,Казань,referral,Спорт,5888.88,2,11777.76
100341,2024-11-16 22:12:32,176,Краснодар,email,Книги,946.91,3,2840.73
100344,12/21/2024,178,Новосибирск,organic,Книги,1981.86,1,1981.86
102040,2025-01-14 18:47:17,1038,Краснодар,ads,Электроника,6998.39,1,6998.39
100904,2024-10-11 12:55:50,452,Краснодар,ads,Одежда,2317.59,2,4635.18
101697,2024/04/21,877,Санкт-Петербург,organic,Спорт,4502.53,1,4502.53
101506,24.11.2024,776,Санкт-Петербург,ads,Электроника,17680.57,1,17680.57
102100,2024-04-10 10:25:28,1066,Краснодар,ads,Спорт,4563.45,5,22817.25
101166,2024/04/18,593,Казань,social,Книги,913.54,2,1827.08
102117,2024-11-20 09:03:47,1076,Казань,ads,Одежда,1147.12,3,3441.36
101551,12/18/2024,796,Санкт-Петербург,referral,Книги,2129.06,1,2129.06
100566,2024/11/17,285,Санкт-Петербург,referral,Дом,4607.09,2,9214.18
100294,2024-11-26 20:08:07,148,Москва,ads,Электроника,23946.13,3,71838.39
100637,07/12/2024,325,Краснодар,referral,Спорт,3983.66,3,11950.98
101458,2024/12/22,753,Казань,email,Спорт,9418.72,5,47093.6
100505,2025-01-24 14:39:47,259,Казань,organic,Спорт,9471.23,2,18942.46
101992,07.12.2024,1024,Москва,email,Одежда,1510.12,4,6040.48
100813,26.05.2025,409,Екатеринбург,organic,Электроника,22480.12,1,22480.12
102314,2025/05/08,1175,Москва,organic,Красота,3799.11,1,3799.11
100555,2025/04/09,284,Новосибирск,referral,Дом,4512.75,1,4512.75
102225,27.05.2024,1126,Краснодар,ads,Одежда,1928.47,3,5785.41
101374,05.12.2024,707,Краснодар,organic,Дом,6123.7,2,12247.4
100838,09/29/2024,422,Екатеринбург,referral,Электроника,11264.65,1,11264.65
101752,2024/06/30,904,Новосибирск,ads,Книги,1407.44,1,1407.44
101958,2024-06-12 14:33:06,1007,Санкт-Петербург,ads,Одежда,3012.36,2,6024.72
101583,12/11/2024,815,Краснодар,referral,Одежда,1238.63,3,3715.89
100099,27.04.2024,42,Краснодар,email,Дом,6099.2,1,6099.2
101810,2024/06/10,930,Екатеринбург,ads,Красота,2904.52,1,2904.52
101960,2024-03-22 22:21:36,1007,Москва,social,Книги,2469.36,1,2469.36
101601,2025-06-08 09:59:53,826,Новосибирск,social,Дом,5210.96,1,5210.96
100467,2024/11/15,241,Новосибирск,organic,Спорт,3811.17,3,11433.51
100284,2024-11-06 11:51:33,143,Новосибирск,organic,Красота,1871.7,3,5615.1
101008,12/27/2024,506,Екатеринбург,organic,Дом,984.62,1,984.62
100541,2024-11-18 10:30:24,279,Екатеринбург,ads,Дом,4495.59,1,4495.59
100639,11/11/2024,327,Москва,ads,Электроника,19311.51,3,57934.53
100246,2024-11-01 21:21:41,118,Краснодар,ads,Красота,3605.11,1,3605.11
100304,2024/07/25,156,Москва,organic,Электроника,14581.87,1,14581.87
101667,08/28/2024,865,Санкт-Петербург,organic,Книги,2376.17,2,4752.34
100226,2024-02-17 18:59:17,107,Санкт-Петербург,referral,Красота,4482.75,1,4482.75
101953,2025/06/18,1004,Новосибирск,referral,Красота,790.93,1,790.93
101316,2024-03-23 08:08:55,677,Краснодар,social,Красота,4977.44,2,9954.88
100355,2025-04-12 12:16:29,184,Москва,ads,Электроника,22905.15,2,45810.3
100656,04/23/2025,334,Казань,organic,Книги,1398.25,2,2796.5
102346,2024-12-04 10:22:50,1190,Москва,email,Книги,793.23,1,793.23
100513,05/24/2025,264,Санкт-Петербург,ads,Книги,1983.87,1,1983.87
100275,2024-11-01 12:13:02,135,Новосибирск,social,Красота,1194.74,1,1194.74
102312,18.09.2024,1175,Казань,social,Дом,6346.16,4,25384.64
101929,2025/03/24,989,Новосибирск,email,Книги,874.33,1,874.33
102340,01/05/2024,1188,Новосибирск,social,Спорт,8509.81,2,17019.62
101412,12/07/2024,727,Казань,referral,Красота,4485.34,3,13456.02
100240,03/09/2025,115,Казань,email,Одежда,2113.94,1,2113.94
101393,16.11.2024,714,Санкт-Петербург,email,Электроника,6214.47,1,6214.47
101754,07.01.2025,904,Краснодар,organic,Спорт,7704.58,1,7704.58
101724,18.02.2024,889,Санкт-Петербург,referral,Красота,4739.66,1,4739.66
101753,2025-04-01 22:17:45,904,Новосибирск,referral,Книги,404.35,1,404.35
102261,2025/05/18,1148,Новосибирск,ads,Дом,6151.33,1,6151.33
101849,02.07.2024,953,Новосибирск,email,Дом,4951.73,2,9903.46
100329,06.11.2024,167,Москва,ads,Одежда,1141.21,2,2282.42
100428,2024-01-05 14:32:06,224,Казань,referral,Одежда,3164.75,1,3164.75
100803,2025-02-23 12:13:32,401,Новосибирск,organic,Электроника,14096.69,2,28193.38
101445,2024-06-04 08:30:11,748,Санкт-Петербург,referral,Спорт,6266.93,1,6266.93
101212,29.12.2024,621,Санкт-Петербург,ads,Красота,3460.85,2,6921.7
100485,2025-02-06 20:38:36,248,Санкт-Петербург,email,Красота,1415.67,1,1415.67
100053,2024-12-05 21:29:11,21,Екатеринбург,email,Книги,1475.07,4,5900.28
101819,06/17/2024,937,Казань,referral,Красота,3592.99,1,3592.99
101004,03/17/2025,505,Краснодар,organic,Электроника,8376.09,2,16752.18
101180,2024-11-19 12:09:37,601,Екатеринбург,,Дом,6943.61,1,6943.61
101807,30.03.2024,930,Екатеринбург,referral,Книги,2317.54,1,2317.54
101187,11/08/2024,605,Новосибирск,organic,Электроника,22935.1,1,22935.1
102292,2025/05/25,1165,Казань,email,Одежда,3988.41,1,3988.41
101358,02/04/2025,701,Казань,social,Красота,2187.43,1,2187.43
101167,20.04.2025,594,Новосибирск,referral,Одежда,5267.09,1,5267.09
100310,04/20/2024,159,Санкт-Петербург,email,Одежда,4404.52,1,4404.52
100797,2025/03/18,399,Казань,ads,Одежда,1475.65,1,1475.65
101907,29.12.2024,979,Краснодар,social,Одежда,3659.13,1,3659.13
101920,2025/04/13,984,Краснодар,social,Электроника,15373.59,1,15373.59
101578,14.06.2024,811,Москва,ads,Одежда,5558.89,1,5558.89
100340,2024/11/24,176,Екатеринбург,referral,Одежда,5724.0,3,17172.0
100960,09/27/2024,483,Краснодар,ads,Книги,923.93,3,2771.79
100560,26.02.2025,285,Санкт-Петербург,social,Одежда,5155.59,2,10311.18
100890,2024-06-05 10:15:17,444,Екатеринбург,ads,Спорт,1633.55,1,1633.55
101410,04.09.2024,725,Екатеринбург,organic,Электроника,8416.24,1,8416.24
101171,2024-11-11 10:18:04,597,Санкт-Петербург,social,Одежда,3180.4,2,6360.8
100002,06/01/2025,1,Санкт-Петербург,email,Электроника,3655.54,1,3655.54
100930,03/20/2024,467,Новосибирск,ads,Одежда,5077.03,5,25385.15
100585,2025/05/02,293,Казань,email,Спорт,8536.59,2,17073.18
101842,2024/12/02,952,Санкт-Петербург,ads,Книги,501.73,2,1003.46
100011,2024/01/12,6,Краснодар,referral,Книги,2491.47,1,2491.47
101267,2024-02-24 13:37:07,651,Казань,organic,Красота,3099.61,3,9298.83
101450,2025/02/14,749,Краснодар,referral,Дом,2702.4,2,5404.8
101510,2025/06/16,776,Новосибирск,ads,Одежда,4438.38,1,4438.38
102106,18.01.2025,1069,Москва,social,Дом,3996.03,5,19980.15
100263,01.01.2025,129,Новосибирск,ads,Красота,4871.89,2,9743.78
102017,21.05.2024,1031,Краснодар,social,Одежда,4523.79,1,4523.79
101151,2024/12/11,583,Санкт-Петербург,referral,Книги,1810.05,1,1810.05
101543,2025/06/22,794,Санкт-Петербург,ads,Книги,456.01,1,456.01
101395,08/18/2024,715,Краснодар,ads,Красота,4681.59,1,4681.59
100755,2024/11/06,381,Москва,referral,Одежда,1267.83,2,2535.66
100599,2024-03-13 19:21:33,304,Екатеринбург,email,Красота,3313.65,3,9940.95
101544,28.01.2024,794,Краснодар,ads,Спорт,6687.74,1,6687.74
100408,02/19/2025,212,Казань,organic,Спорт,11691.22,1,11691.22
101763,09.08.2024,908,Краснодар,social,Электроника,3213.9,1,3213.9
101400,2024/07/15,718,Екатеринбург,social,Книги,720.79,5,3603.95
102356,2024-05-18 15:42:55,1196,Санкт-Петербург,social,Дом,7446.67,3,22340.01
100089,14.05.2025,40,Краснодар,referral,Дом,5200.99,3,15602.97
100239,03/11/2024,115,Санкт-Петербург,referral,Спорт,9713.85,3,29141.55
100009,09/26/2024,5,Екатеринбург,ads,Одежда,2082.46,1,2082.46
100254,30.03.2025,124,Екатеринбург,organic,Спорт,5323.22,1,5323.22
100348,2024-11-24 10:13:46,180,Казань,social,Одежда,5730.04,4,22920.16
101996,18.08.2024,1025,Санкт-Петербург,referral,Электроника,24631.51,1,24631.51
102005,11/29/2024,1029,Екатеринбург,,Красота,3276.51,3,9829.53
100925,2024-03-16 17:55:10,464,Санкт-Петербург,referral,Спорт,4900.03,2,9800.06
101531,17.01.2025,787,Новосибирск,ads,Красота,2193.45,1,2193.45
100867,2024/11/05,433,Екатеринбург,ads,Красота,4170.91,1,4170.91
100998,2025/05/30,502,Краснодар,ads,Дом,6004.12,1,6004.12
100981,01/05/2024,494,Москва,social,Электроника,9270.81,2,18541.62
100436,16.04.2025,227,Новосибирск,social,Спорт,11734.53,2,23469.06
100200,11/23/2024,94,Москва,email,Одежда,1655.59,3,4966.77
100391,2024-11-18 08:41:46,202,Краснодар,social,Спорт,5797.72,1,5797.72
101713,2024/12/19,883,Екатеринбург,referral,Книги,2291.01,3,6873.03
102320,14.03.2024,1180,Москва,email,Книги,1744.4,1,1744.4
100620,2024/12/10,314,Казань,referral,Книги,1316.66,1,1316.66
100758,09/15/2024,382,Краснодар,organic,Красота,506.34,5,2531.7
100032,09/12/2024,18,,ads,Электроника,22776.34,1,22776.34
101468,04/07/2025,758,Казань,organic,Дом,7738.58,1,7738.58
102178,18.05.2024,1105,Москва,social,Дом,1698.27,2,3396.54
102345,01/27/2025,1189,Новосибирск,organic,Одежда,4138.56,2,8277.12
100185,2025/05/15,88,Екатеринбург,organic,Дом,5786.76,2,11573.52
102049,28.01.2025,1041,Новосибирск,referral,Красота,3140.32,2,6280.64
102349,04.03.2024,1192,Москва,organic,Книги,2053.71,1,2053.71
100945,12/03/2024,474,Санкт-Петербург,email,Электроника,23184.13,4,92736.52
100497,06.02.2025,255,Новосибирск,ads,Дом,2191.87,1,2191.87
100883,2025/04/16,440,Краснодар,ads,Спорт,1349.71,1,1349.71
100136,2025-01-20 13:52:08,62,Краснодар,email,Красота,4714.81,1,4714.81
101454,09/15/2024,751,Краснодар,referral,Электроника,3690.35,3,11071.05
102044,21.11.2024,1039,Екатеринбург,social,Книги,2109.8,2,4219.6
100907,2024/04/18,453,Краснодар,social,Одежда,2131.13,1,2131.13
101623,08/07/2024,839,Екатеринбург,social,Одежда,1607.0,4,6428.0
100021,06/19/2024,13,Москва,ads,Электроника,-23380.07,3,-70140.21
101945,11.03.2024,999,Новосибирск,organic,Одежда,2990.68,3,8972.04
100860,04.05.2024,431,Москва,social,Дом,587.02,1,587.02
101567,03/15/2024,806,Санкт-Петербург,social,Книги,1726.23,1,1726.23
101664,2024/08/03,864,Казань,social,Одежда,4763.41,1,4763.41
100722,2024-11-07 13:58:22,367,Екатеринбург,social,Дом,3644.79,3,10934.37
100987,27.02.2025,497,Казань,email,Одежда,4715.78,3,14147.34
101472,03/09/2024,759,Казань,email,Одежда,4029.59,1,4029.59
100489,28.03.2025,250,Санкт-Петербург,referral,Дом,1769.41,1,1769.41
100725,2024-11-15 20:40:10,367,Москва,social,Дом,2103.01,1,2103.01
102219,2024-12-10 15:36:16,1125,Краснодар,email,Дом,1467.11,1,1467.11
101901,24.05.2024,977,Москва,ads,Одежда,2340.21,1,2340.21
101669,03.05.2024,867,Казань,email,Дом,4513.28,1,4513.28
100357,2024/10/01,185,Санкт-Петербург,organic,Одежда,2509.04,3,7527.12
101238,05.12.2024,638,Санкт-Петербург,email,Книги,1769.86,1,1769.86
100109,2024-11-16 15:49:23,45,Новосибирск,social,Дом,892.99,2,1785.98
100537,04/21/2025,275,Москва,email,Электроника,24421.0,2,48842.0
100569,2024-11-27 20:04:17,287,Новосибирск,email,Дом,6270.19,2,12540.38
100643,2025/06/16,328,Краснодар,email,Электроника,19723.77,2,39447.54
101211,11.11.2024,620,Казань,referral,Книги,946.39,2,1892.78
101989,12/01/2024,1024,Краснодар,ads,Дом,3369.29,1,3369.29
100407,2024-06-27 14:23:37,212,Казань,referral,Дом,6761.54,1,6761.54
100647,2025/05/21,328,Екатеринбург,referral,Одежда,3434.76,1,3434.76
101813,2025/03/19,932,Екатеринбург,email,Красота,1685.06,3,5055.18
100372,2024/06/26,191,Казань,email,Книги,2018.38,4,8073.52
100753,2025/03/31,381,Новосибирск,ads,Красота,3395.83,1,3395.83
101607,06/10/2025,829,Санкт-Петербург,ads,Электроника,8977.0,1,8977.0
101783,02/24/2024,919,Санкт-Петербург,organic,Дом,2987.74,3,8963.22
100573,2025-05-17 14:54:46,289,Казань,ads,Спорт,7193.43,1,7193.43
100083,11/28/2024,38,Екатеринбург,social,Спорт,3454.16,1,3454.16
101145,14.12.2024,579,Новосибирск,ads,Электроника,17202.7,1,17202.7
100189,06/10/2024,89,Новосибирск,ads,Электроника,17986.22,1,17986.22
100928,2025/04/10,465,Краснодар,ads,Электроника,11720.6,1,11720.6
101585,2025/04/12,817,Санкт-Петербург,email,Книги,605.24,1,605.24
102152,06.01.2024,1093,Краснодар,organic,Электроника,12114.28,1,12114.28
100571,2024-04-18 19:16:06,288,Москва,organic,Книги,1991.16,1,1991.16
102203,2025/02/03,1117,Краснодар,ads,Электроника,12763.45,1,12763.45
101320,12.11.2024,677,Москва,organic,Электроника,20836.61,3,62509.83
100339,2024/07/04,175,Краснодар,social,Одежда,5171.32,3,15513.96
100911,2024-11-24 20:51:00,455,Новосибирск,email,Одежда,3166.13,2,6332.26
100743,2025-02-26 12:24:52,376,Москва,ads,Дом,3424.55,1,3424.55
101470,29.03.2024,759,Казань,social,Книги,2069.63,2,4139.26
101193,29.03.2025,609,Санкт-Петербург,organic,Спорт,8304.63,1,8304.63
101149,2024-11-14 16:48:24,581,Санкт-Петербург,organic,Спорт,8745.87,3,26237.61
100592,2024/05/19,298,Санкт-Петербург,referral,Книги,1300.98,1,1300.98
100908,11/28/2024,453,Санкт-Петербург,email,Книги,753.55,1,753.55
100873,2024/12/23,435,Казань,organic,Красота,4427.35,1,4427.35
100980,2024/10/08,493,Казань,email,Электроника,20659.95,1,20659.95
100252,21.05.2024,122,Казань,ads,Одежда,3456.29,1,3456.29
101853,2024/08/19,956,,social,Дом,2568.41,1,2568.41
101512,2024-12-13 20:34:29,776,Казань,organic,Дом,5047.11,4,20188.44
100674,28.02.2025,344,Москва,organic,Дом,6496.47,1,6496.47
101137,11.12.2024,573,Казань,organic,Одежда,2113.39,1,2113.39
100665,10/11/2024,341,Краснодар,referral,Спорт,6065.85,1,6065.85
100062,2024/11/12,27,Казань,referral,Красота,2143.35,1,2143.35
101552,2024/05/19,796,Казань,organic,Дом,2280.69,3,6842.07
102307,2024/11/07,1172,Москва,email,Дом,6606.89,1,6606.89
102044,21.11.2024,1039,Екатеринбург,social,Книги,2109.8,2,4219.6
101027,2025/06/03,514,Казань,social,Спорт,7546.01,56,422576.56
101574,06/09/2025,810,Казань,social,Одежда,4701.76,1,4701.76
100118,12.11.2024,50,Казань,email,Электроника,6969.15,2,13938.3
101155,2024/11/05,586,Краснодар,organic,Красота,762.32,4,3049.28
101879,07.02.2025,966,Санкт-Петербург,email,Книги,2020.27,1,2020.27
101292,2024/02/14,663,Санкт-Петербург,referral,Одежда,4796.46,2,9592.92
101385,29.06.2024,711,Екатеринбург,social,Спорт,3514.18,1,3514.18
102190,2024/02/07,1110,Казань,organic,Дом,3376.45,5,16882.25
101342,23.11.2024,692,Краснодар,ads,Спорт,7049.22,2,14098.44
100443,10/18/2024,228,Москва,email,Красота,3386.0,1,3386.0
101632,2024/08/29,845,Москва,email,Одежда,890.15,5,4450.75
101011,09/24/2024,506,Краснодар,referral,Спорт,5209.98,4,20839.92
101401,2024/05/22,719,Краснодар,social,Красота,1266.42,2,2532.84
101356,2024/12/27,699,Екатеринбург,email,Спорт,9792.38,2,19584.76
100454,02/03/2025,232,Краснодар,ads,Спорт,3523.83,2,7047.66
101261,2024/11/23,648,Краснодар,ads,Дом,7250.4,4,29001.6
100517,01/12/2025,267,Казань,organic,Электроника,5048.78,1,5048.78
101862,2025/01/04,957,Новосибирск,email,Одежда,5710.79,1,5710.79
100328,2025/02/20,167,Москва,social,Одежда,3096.93,4,12387.72
101122,05.06.2024,568,Москва,email,Электроника,11129.74,2,22259.48
100131,12.02.2024,59,,social,Спорт,7257.72,4,29030.88
100020,2024-03-18 21:54:35,12,Москва,social,Спорт,2773.41,1,2773.41
102099,2024/01/16,1065,Краснодар,organic,Дом,2583.91,1,2583.91
101235,2025/01/06,636,Санкт-Петербург,,Книги,2191.84,1,2191.84
100871,2024/11/22,433,Краснодар,organic,Электроника,24208.39,1,24208.39
100714,2024/12/29,363,Санкт-Петербург,social,Одежда,3329.1,5,16645.5
